Distance,Speed,TravelMode,ETA
0.37,3.9,Walk,8.7
1.47,13.7,Bike,8.4
0.44,5.2,Walk,8.5
0.3,4.0,Walk,7.2
25.0,21.2,Car,78.1
6.83,16.6,Car,34.9
2.74,16.1,Car,11.0
2.49,30.6,Car,6.9
4.75,32.7,Car,18.9
1.3,3.5,Walk,25.1
0.57,3.4,Walk,12.2
1.59,20.4,Car,9.7
9.48,29.4,Car,26.9
12.09,49.0,Car,24.4
2.89,3.0,Walk,64.4
1.7,13.6,Bike,10.0
0.17,14.3,Bike,6.1
0.69,3.9,Walk,14.4
0.1,3.7,Walk,3.0
2.33,11.8,Bike,18.6
18.55,47.2,Car,28.5
10.56,26.4,Car,30.6
0.14,9.3,Bike,3.9
9.07,25.1,Car,22.8
0.7,4.8,Walk,14.5
0.1,3.0,Walk,5.2
0.89,3.0,Walk,22.1
4.22,22.6,Car,19.5
3.19,15.0,Car,22.1
6.74,30.6,Car,17.3
2.93,5.3,Walk,27.9
1.67,3.7,Walk,27.6
2.76,34.6,Car,14.8
8.83,16.1,Car,38.4
3.39,8.9,Bike,30.4
0.35,3.0,Walk,9.0
2.39,9.3,Bike,14.4
1.23,15.1,Bike,7.6
0.17,3.7,Walk,4.6
0.31,4.5,Walk,5.0
2.94,15.0,Car,20.0
0.93,21.6,Car,12.1
1.77,8.0,Bike,18.9
5.43,16.4,Bike,24.0
6.19,41.7,Car,17.3
1.74,8.1,Bike,15.9
17.29,35.7,Car,39.8
3.5,43.9,Car,10.9
0.7,35.8,Car,1.8
3.56,27.5,Car,16.3
5.34,15.0,Car,29.0
9.8,15.0,Car,43.2
0.24,3.0,Walk,8.3
14.06,28.2,Car,36.4
0.41,3.0,Walk,9.0
0.3,3.0,Walk,7.7
4.91,72.2,Car,3.6
0.16,3.7,Walk,4.9
0.44,10.5,Bike,3.8
3.73,40.9,Car,8.1
1.05,8.0,Bike,10.7
10.61,79.0,Car,11.9
1.97,4.2,Walk,31.2
0.72,15.0,Car,3.1
2.5,18.9,Car,9.0
6.6,15.8,Car,30.0
3.12,35.7,Car,16.8
5.16,26.7,Car,22.4
3.53,11.9,Bike,13.3
11.9,37.3,Car,32.7
3.25,38.9,Car,7.2
0.21,3.6,Walk,5.8
4.22,38.5,Car,12.4
3.31,30.3,Car,12.0
4.99,15.0,Car,19.6
2.12,18.6,Car,12.1
9.14,30.0,Car,26.9
4.38,32.9,Car,13.8
1.17,25.6,Car,10.1
2.21,3.0,Walk,38.9
3.13,36.2,Car,9.5
4.82,34.3,Car,16.0
2.77,15.0,Car,19.9
7.93,39.6,Car,20.5
1.78,10.7,Bike,16.0
3.31,27.4,Car,12.3
10.1,33.3,Car,32.7
0.81,3.0,Walk,23.8
7.49,29.9,Car,26.9
0.14,3.0,Walk,2.8
0.85,3.3,Walk,15.0
3.35,39.5,Car,24.2
3.69,42.2,Car,7.1
6.36,28.4,Car,18.1
0.71,3.0,Walk,18.5
1.92,11.7,Bike,12.0
5.72,26.1,Car,14.7
3.05,30.9,Car,5.3
2.25,3.0,Walk,50.2
9.01,36.6,Car,21.6
2.2,9.7,Bike,19.1
1.88,8.0,Bike,16.4
10.02,29.2,Car,17.3
8.12,39.0,Car,16.9
0.67,12.6,Bike,6.1
5.25,54.2,Car,11.1
3.98,36.5,Car,11.9
1.92,15.0,Car,12.1
0.21,3.4,Walk,5.1
7.54,46.7,Car,10.8
1.08,39.3,Car,18.5
1.66,21.2,Car,12.6
1.13,3.0,Walk,21.9
3.49,8.0,Bike,28.0
1.98,11.3,Bike,12.4
7.43,9.6,Bike,45.4
0.37,3.0,Walk,9.5
0.74,3.0,Walk,15.7
5.06,21.8,Car,23.0
8.09,31.8,Car,20.4
6.99,15.0,Car,24.6
4.85,22.6,Car,15.2
7.64,27.2,Car,23.7
2.81,24.9,Car,8.6
2.98,9.1,Bike,20.6
7.6,28.4,Car,27.2
6.18,46.9,Car,8.2
2.68,4.3,Walk,40.4
6.38,46.7,Car,14.1
2.96,17.4,Car,23.1
1.67,5.1,Walk,18.7
0.1,3.0,Walk,9.2
10.11,43.2,Car,17.5
6.57,35.8,Car,13.1
11.23,15.8,Car,47.1
1.3,3.0,Walk,27.7
1.53,3.0,Walk,35.1
0.43,3.0,Walk,12.7
0.13,3.0,Walk,4.4
19.03,42.2,Car,28.7
3.28,16.7,Bike,18.8
0.11,3.5,Walk,3.5
2.66,15.0,Car,12.5
2.83,9.6,Bike,19.3
3.89,8.0,Bike,30.4
3.2,10.1,Bike,24.6
1.66,21.6,Car,13.1
3.94,24.3,Car,13.6
0.24,12.1,Bike,6.8
6.73,32.5,Car,19.3
1.62,21.7,Car,12.9
0.28,9.5,Bike,7.2
17.81,56.8,Car,23.6
3.07,44.4,Car,9.1
2.2,29.3,Car,5.2
3.76,31.8,Car,16.7
2.85,3.0,Walk,59.5
0.1,4.3,Walk,3.7
0.24,14.6,Bike,3.6
8.61,32.9,Car,24.7
0.73,3.7,Walk,12.0
4.89,8.0,Bike,37.5
1.72,8.0,Bike,18.3
2.16,15.0,Car,16.2
2.45,8.0,Bike,21.9
0.39,3.0,Walk,10.7
0.53,3.0,Walk,12.7
0.62,3.0,Walk,13.9
0.57,3.0,Walk,16.9
1.94,15.0,Car,14.5
2.0,33.1,Car,8.5
4.68,15.0,Car,21.2
0.87,37.8,Car,13.4
0.52,4.3,Walk,9.1
11.3,15.0,Car,51.9
0.42,4.0,Walk,10.7
8.74,28.5,Car,20.0
4.0,42.6,Car,8.9
6.74,17.1,Car,27.3
7.48,45.3,Car,14.7
0.36,3.0,Walk,10.1
0.93,3.4,Walk,18.6
0.9,4.0,Walk,16.1
7.71,25.1,Car,22.5
7.95,41.6,Car,21.5
2.59,26.0,Car,14.4
4.84,34.0,Car,14.8
1.19,4.6,Walk,14.8
0.21,3.0,Walk,6.3
2.83,39.8,Car,6.5
10.84,38.6,Car,23.9
0.9,17.7,Car,20.2
0.47,10.7,Bike,6.5
0.52,3.1,Walk,16.4
0.35,3.0,Walk,6.7
1.85,3.0,Walk,39.6
6.75,15.0,Car,35.5
1.21,15.0,Car,17.2
1.79,10.8,Bike,10.5
1.4,3.0,Walk,32.6
2.81,31.3,Car,9.7
12.18,24.9,Car,37.8
5.34,15.0,Car,23.7
1.42,8.7,Bike,13.7
0.19,3.0,Walk,7.8
6.06,20.8,Car,26.2
3.22,8.0,Bike,24.4
10.05,42.8,Car,22.8
1.94,14.7,Bike,9.3
0.18,3.4,Walk,6.8
0.26,3.0,Walk,7.1
1.47,12.0,Bike,9.3
0.1,5.3,Walk,2.6
0.94,61.4,Car,5.4
8.36,20.1,Car,30.2
14.89,39.2,Car,31.4
11.85,27.3,Car,32.2
1.18,15.0,Car,18.7
5.07,16.3,Bike,23.0
6.89,24.5,Car,18.5
5.24,16.5,Bike,23.9
4.61,36.2,Car,19.1
1.57,3.0,Walk,31.7
0.73,47.8,Car,6.0
0.59,3.7,Walk,11.4
12.2,15.0,Car,60.3
2.0,24.9,Car,13.1
0.1,15.6,Bike,4.0
1.54,3.0,Walk,33.7
3.05,51.2,Car,10.0
0.37,3.8,Walk,7.1
1.16,4.9,Walk,13.5
0.35,18.1,Bike,4.5
2.38,21.5,Car,20.0
7.02,15.0,Car,35.6
1.07,8.0,Bike,13.4
1.25,26.8,Car,10.9
0.77,11.1,Bike,4.9
12.16,51.0,Car,19.2
0.69,5.0,Walk,10.2
5.49,58.9,Car,14.3
7.51,19.5,Car,34.4
0.18,12.4,Bike,5.6
7.61,28.5,Car,19.5
0.21,10.9,Bike,4.7
0.24,3.4,Walk,6.8
0.15,5.2,Walk,3.5
8.0,9.2,Bike,52.0
1.29,26.4,Car,15.0
0.2,3.0,Walk,7.8
6.24,31.2,Car,16.8
7.57,22.1,Car,26.9
0.1,6.3,Walk,3.2
1.15,13.5,Bike,7.6
3.23,8.3,Bike,25.6
4.1,25.7,Car,12.1
1.16,48.0,Car,2.5
1.44,3.3,Walk,21.1
2.17,9.0,Bike,18.1
0.16,3.2,Walk,4.1
3.57,23.0,Car,23.8
0.36,3.0,Walk,11.4
6.34,29.9,Car,17.8
1.9,16.1,Bike,9.8
0.65,3.0,Walk,12.4
3.64,42.7,Car,8.4
0.52,22.8,Car,11.3
0.65,3.2,Walk,13.7
5.92,32.4,Car,17.3
2.29,3.0,Walk,40.9
6.54,25.7,Car,18.9
3.89,15.0,Car,29.5
0.63,3.0,Walk,14.7
1.44,3.1,Walk,30.7
8.08,15.0,Car,35.3
0.1,3.1,Walk,1.7
5.44,16.6,Car,25.3
7.46,8.0,Bike,53.0
3.68,47.7,Car,12.1
8.3,21.1,Car,27.5
0.74,3.7,Walk,14.3
14.29,52.7,Car,22.8
11.99,15.8,Car,57.6
4.77,48.7,Car,16.8
6.3,32.1,Car,26.6
3.67,27.8,Car,8.2
1.35,3.0,Walk,29.9
0.1,3.7,Walk,1.4
1.73,32.1,Car,3.5
1.21,3.7,Walk,21.4
0.52,3.6,Walk,11.3
4.39,43.9,Car,11.9
0.97,3.0,Walk,23.8
0.92,13.1,Bike,6.9
0.86,4.2,Walk,14.2
2.88,36.7,Car,4.6
2.12,35.8,Car,15.7
4.77,12.4,Bike,22.3
0.76,8.4,Bike,7.3
0.11,3.0,Walk,3.1
6.8,27.6,Car,25.9
1.97,13.8,Bike,11.6
0.1,8.0,Bike,5.1
5.07,15.0,Car,26.1
7.32,15.0,Car,35.0
1.62,17.3,Bike,8.8
0.77,3.0,Walk,18.6
2.32,8.0,Bike,21.7
14.99,15.0,Car,77.7
2.93,15.0,Bike,14.9
0.51,3.0,Walk,14.1
0.58,3.0,Walk,11.9
0.67,12.7,Bike,5.4
0.82,3.7,Walk,17.2
0.32,5.4,Walk,4.4
0.1,4.7,Walk,3.8
0.32,4.5,Walk,8.4
1.82,3.5,Walk,32.8
7.51,16.1,Bike,28.9
7.13,39.2,Car,11.3
3.44,22.6,Car,13.2
2.08,8.0,Bike,15.9
3.36,18.5,Car,17.4
2.09,44.0,Car,8.9
3.0,5.1,Walk,33.6
1.2,8.0,Bike,16.6
8.76,20.7,Car,37.6
6.59,42.5,Car,18.0
6.31,29.4,Car,19.0
0.41,3.4,Walk,7.7
0.93,24.3,Car,3.9
1.14,3.0,Walk,25.0
4.26,29.5,Car,13.7
0.4,3.5,Walk,9.9
0.13,4.4,Walk,4.5
5.43,15.0,Car,20.9
0.69,3.0,Walk,15.3
1.67,3.0,Walk,36.4
4.49,15.0,Car,20.1
1.99,3.0,Walk,46.4
0.1,20.1,Bike,5.7
1.28,29.3,Car,17.1
9.58,15.0,Car,38.6
4.95,32.7,Car,14.0
0.65,4.7,Walk,12.4
0.27,4.4,Walk,7.4
1.04,4.4,Walk,16.4
1.02,4.6,Walk,13.7
1.31,3.6,Walk,23.6
6.23,15.0,Car,30.9
1.35,33.9,Car,5.4
1.1,8.0,Bike,13.3
8.0,8.0,Bike,60.2
18.79,22.1,Car,48.7
1.11,3.0,Walk,25.0
0.7,4.1,Walk,12.3
3.0,3.3,Walk,42.8
5.57,15.0,Car,25.6
1.43,36.2,Car,5.8
1.02,10.8,Bike,10.0
1.28,4.3,Walk,23.1
1.12,15.0,Car,14.5
3.46,39.7,Car,11.5
10.85,29.4,Car,25.3
1.15,4.4,Walk,16.0
1.43,10.0,Bike,13.8
2.36,13.7,Bike,12.3
1.53,3.6,Walk,29.6
3.32,13.3,Bike,19.2
0.98,3.0,Walk,19.7
2.53,9.7,Bike,19.2
2.67,8.0,Bike,26.4
5.3,35.7,Car,12.1
3.69,8.0,Bike,32.3
6.06,20.4,Car,18.9
3.26,15.2,Car,13.6
10.84,79.8,Car,12.7
0.48,3.1,Walk,11.3
3.23,31.3,Car,12.1
1.68,3.1,Walk,33.8
0.24,3.0,Walk,6.8
1.15,8.0,Bike,15.8
2.98,32.8,Car,10.7
13.2,29.1,Car,41.7
0.34,4.6,Walk,6.6
1.09,8.0,Bike,8.8
1.38,34.0,Car,8.6
0.1,3.7,Walk,4.0
11.16,49.1,Car,16.2
0.84,10.2,Bike,8.2
0.1,13.8,Bike,4.0
2.48,36.7,Car,14.2
2.3,8.0,Bike,18.9
0.44,9.1,Bike,4.9
0.49,5.6,Walk,7.0
0.28,8.0,Bike,4.9
6.58,22.3,Car,27.8
1.83,4.1,Walk,28.6
0.6,12.4,Bike,4.1
0.7,3.0,Walk,16.4
0.71,8.0,Bike,11.3
1.85,20.1,Car,8.9
2.53,13.3,Bike,15.9
1.68,3.6,Walk,33.4
4.03,15.3,Bike,16.7
4.37,23.5,Car,11.8
6.55,10.4,Bike,41.6
9.34,32.0,Car,24.6
3.61,48.6,Car,5.8
0.54,52.3,Car,3.7
12.06,32.0,Car,27.6
0.63,5.3,Walk,9.1
2.84,37.7,Car,9.1
0.56,3.6,Walk,9.4
0.11,16.2,Bike,1.0
0.22,5.0,Walk,3.9
0.67,10.3,Bike,9.1
3.01,16.0,Car,12.4
11.79,30.9,Car,31.3
4.24,14.7,Bike,21.1
3.12,32.3,Car,8.5
0.29,3.0,Walk,7.9
0.92,8.4,Bike,10.1
0.1,3.8,Walk,4.7
0.97,3.0,Walk,24.3
2.85,32.1,Car,8.0
3.31,15.0,Car,16.7
0.87,9.8,Bike,6.7
6.55,46.5,Car,19.0
5.01,48.4,Car,15.8
14.08,39.0,Car,30.9
6.06,8.8,Bike,36.5
0.5,15.0,Car,3.5
4.45,15.0,Car,19.3
3.75,30.2,Car,11.7
2.11,8.8,Bike,18.2
3.22,15.0,Car,15.1
5.05,15.0,Car,30.2
0.1,3.9,Walk,7.9
2.77,8.0,Bike,20.9
8.84,27.9,Car,18.3
0.44,3.0,Walk,12.0
1.05,4.3,Walk,16.6
2.05,30.0,Car,5.3
0.1,21.2,Bike,3.3
1.89,42.1,Car,4.9
11.58,49.7,Car,29.3
2.51,9.6,Bike,21.6
6.59,15.5,Bike,30.2
9.03,36.0,Car,23.9
5.35,25.3,Car,18.0
12.65,45.2,Car,21.8
1.65,15.4,Bike,8.4
6.05,18.9,Car,21.2
0.25,8.0,Bike,11.9
0.62,3.7,Walk,13.1
1.65,49.7,Car,5.9
6.71,15.0,Car,36.5
13.03,34.1,Car,19.5
6.88,43.5,Car,19.2
1.42,3.0,Walk,33.0
3.68,39.0,Car,7.7
1.07,51.6,Car,8.5
0.55,3.0,Walk,14.0
3.9,15.1,Bike,18.1
3.25,33.9,Car,13.9
0.27,3.1,Walk,8.2
0.74,3.0,Walk,13.7
8.1,30.3,Car,13.2
0.89,3.6,Walk,15.7
0.79,3.5,Walk,13.5
0.73,8.7,Bike,7.9
1.17,4.2,Walk,16.4
3.62,15.1,Car,22.7
12.01,51.3,Car,16.4
1.34,5.4,Walk,19.7
1.82,19.0,Car,19.1
7.96,27.5,Car,21.0
10.58,66.8,Car,13.2
2.41,18.6,Car,11.4
2.79,27.5,Car,15.7
2.38,35.6,Car,15.9
5.19,15.0,Car,22.1
1.84,15.0,Car,9.4
5.06,24.0,Car,16.0
0.1,8.0,Bike,5.4
2.56,3.4,Walk,44.4
1.24,3.0,Walk,24.6
2.56,26.0,Car,16.2
8.46,21.9,Car,25.1
4.92,25.3,Car,23.4
2.17,3.0,Walk,40.7
0.76,4.2,Walk,14.1
1.65,13.9,Bike,9.8
5.34,16.0,Car,26.0
4.19,15.0,Car,14.6
2.66,3.0,Walk,57.7
4.37,10.5,Bike,26.8
0.1,8.2,Bike,3.8
0.19,3.0,Walk,7.0
0.85,3.0,Walk,20.0
3.98,25.3,Car,15.2
8.62,23.1,Car,29.9
0.74,3.0,Walk,17.1
1.81,51.2,Car,11.4
0.94,4.3,Walk,16.7
1.82,8.0,Bike,15.7
3.11,17.3,Car,24.3
0.45,3.0,Walk,11.8
7.05,39.6,Car,16.1
0.52,3.4,Walk,12.8
0.1,5.2,Walk,5.2
1.84,15.0,Car,12.1
1.41,16.5,Bike,10.4
0.2,3.4,Walk,5.8
13.56,25.9,Car,42.6
2.09,39.1,Car,11.5
9.64,15.0,Car,53.5
12.52,47.6,Car,22.8
2.04,25.3,Car,11.3
11.61,60.4,Car,19.1
19.07,40.3,Car,36.2
0.35,3.9,Walk,7.2
1.34,3.9,Walk,23.8
3.55,24.3,Car,15.6
2.0,15.0,Car,15.6
10.57,31.9,Car,22.1
1.4,53.3,Car,5.5
0.12,3.0,Walk,4.6
2.33,15.0,Car,21.6
0.9,4.9,Walk,13.6
3.94,27.0,Car,9.0
4.08,43.6,Car,15.7
0.68,14.4,Bike,6.6
2.56,15.0,Car,15.7
0.1,4.9,Walk,4.4
2.95,16.2,Car,17.6
4.42,15.0,Car,22.4
7.06,40.0,Car,22.2
0.29,8.0,Bike,3.4
3.0,9.1,Bike,24.7
0.49,4.1,Walk,12.5
3.76,16.0,Car,21.9
6.69,25.8,Car,23.5
0.91,3.9,Walk,14.8
6.68,17.5,Car,29.2
0.31,8.0,Bike,9.9
8.0,8.0,Bike,64.8
5.75,17.9,Car,29.3
2.61,15.0,Car,17.6
9.63,15.0,Car,42.4
1.49,8.0,Bike,16.8
7.32,19.9,Car,27.4
0.21,3.4,Walk,6.4
9.41,25.9,Car,28.0
9.04,60.8,Car,14.0
1.52,25.3,Car,3.3
10.65,29.4,Car,27.0
3.59,30.3,Car,7.1
0.29,3.8,Walk,7.5
13.36,32.7,Car,31.2
3.75,28.4,Car,13.7
0.19,4.0,Walk,5.7
0.7,3.0,Walk,16.4
7.39,51.6,Car,20.5
3.13,8.0,Bike,30.7
2.76,43.0,Car,10.1
0.12,3.0,Walk,6.6
6.98,9.6,Bike,49.3
9.23,15.0,Car,48.1
1.4,4.5,Walk,23.2
0.33,4.3,Walk,6.8
13.04,45.0,Car,24.3
2.96,15.0,Car,21.4
4.05,15.0,Car,19.4
4.99,31.7,Car,9.3
13.46,44.0,Car,29.2
1.9,30.5,Car,7.4
1.1,3.0,Walk,26.9
7.97,16.8,Car,47.1
0.3,4.8,Walk,5.1
6.02,38.2,Car,12.4
0.51,3.6,Walk,10.1
2.5,3.0,Walk,58.8
3.04,8.0,Bike,24.2
2.48,23.8,Car,8.2
0.26,3.0,Walk,6.3
1.27,11.7,Bike,11.8
1.47,12.1,Bike,11.8
0.34,11.4,Bike,4.9
10.7,61.5,Car,17.1
1.14,19.7,Car,10.1
0.93,8.0,Bike,11.0
15.43,39.4,Car,28.7
0.41,3.0,Walk,11.3
0.45,3.2,Walk,10.0
0.1,3.0,Walk,5.2
1.75,27.3,Car,7.3
2.46,21.9,Car,16.8
1.2,5.0,Walk,15.4
0.71,4.6,Walk,9.9
0.26,3.5,Walk,5.5
6.87,21.9,Car,21.2
2.8,8.4,Bike,24.2
9.72,15.0,Car,32.7
5.73,20.3,Car,30.3
3.79,15.0,Car,25.4
1.95,13.9,Bike,13.4
12.48,32.2,Car,29.7
0.1,5.1,Walk,2.9
2.28,3.0,Walk,55.3
9.2,41.3,Car,17.9
0.13,3.0,Walk,6.9
5.13,27.6,Car,20.2
1.2,14.9,Bike,10.2
2.55,9.6,Bike,15.6
12.48,64.9,Car,20.9
0.1,3.6,Walk,3.6
0.91,10.2,Bike,9.8
0.61,3.8,Walk,10.2
0.99,11.5,Bike,6.5
2.81,26.0,Car,14.0
1.41,8.0,Bike,15.6
7.04,27.0,Car,17.7
7.72,39.0,Car,20.9
10.08,71.7,Car,18.5
1.92,12.3,Bike,9.8
4.25,64.5,Car,7.1
0.26,3.0,Walk,7.9
0.56,3.5,Walk,12.6
4.59,9.4,Bike,38.5
0.1,3.0,Walk,6.6
0.29,4.5,Walk,6.8
11.72,21.1,Car,40.6
0.91,4.4,Walk,13.9
5.73,14.5,Bike,27.5
4.74,26.8,Car,17.6
6.77,49.5,Car,15.6
9.61,33.8,Car,20.4
7.56,39.0,Car,15.1
1.06,5.3,Walk,17.6
7.4,27.7,Car,23.7
5.46,15.0,Car,27.5
0.89,4.9,Walk,12.4
0.77,4.4,Walk,15.2
0.13,3.0,Walk,5.1
10.87,22.4,Car,36.7
7.01,63.3,Car,8.7
20.04,21.7,Car,58.3
0.56,10.6,Bike,4.8
7.72,8.7,Bike,67.9
0.72,3.0,Walk,17.6
4.89,21.0,Car,15.7
0.26,4.5,Walk,5.0
2.6,16.4,Bike,9.3
0.1,3.3,Walk,3.6
3.0,4.0,Walk,45.1
0.79,15.0,Car,12.7
0.88,3.2,Walk,18.1
0.23,3.2,Walk,6.9
0.25,14.8,Bike,3.8
1.73,11.0,Bike,13.3
0.26,3.0,Walk,7.3
2.82,25.0,Car,8.7
0.52,3.0,Walk,13.5
2.71,3.2,Walk,60.5
4.41,43.4,Car,6.1
2.22,8.0,Bike,23.8
0.1,3.6,Walk,4.2
3.16,12.0,Bike,21.4
0.1,3.0,Walk,4.3
1.2,3.0,Walk,24.5
8.11,20.3,Car,35.0
1.4,22.5,Car,5.3
0.86,29.0,Car,3.8
0.49,11.2,Bike,6.3
0.1,5.0,Walk,3.1
4.33,46.7,Car,14.7
8.0,18.2,Bike,28.1
11.72,17.1,Car,46.9
1.28,18.5,Car,10.3
24.59,23.7,Car,65.2
13.92,15.8,Car,56.4
1.56,3.0,Walk,32.7
4.43,22.4,Car,17.9
0.28,4.7,Walk,5.5
0.33,4.6,Walk,7.0
4.2,8.1,Bike,28.7
0.34,4.2,Walk,6.7
0.53,3.0,Walk,13.7
8.27,15.0,Car,35.8
0.76,3.1,Walk,19.2
7.29,44.4,Car,22.4
8.06,29.2,Car,26.2
0.21,3.0,Walk,6.4
2.04,12.9,Bike,12.7
6.05,15.4,Car,28.2
7.46,8.0,Bike,52.9
10.82,16.9,Car,50.5
4.26,32.6,Car,20.9
0.51,4.0,Walk,10.8
0.1,16.3,Bike,2.9
6.36,33.1,Car,18.7
0.92,8.0,Bike,9.4
12.18,33.2,Car,25.1
4.9,16.3,Car,21.1
1.16,3.0,Walk,27.5
3.03,15.0,Car,19.8
0.58,3.0,Walk,14.7
1.37,8.0,Bike,14.0
9.09,20.8,Car,34.2
0.68,8.0,Bike,12.3
3.04,14.6,Bike,14.3
0.31,8.0,Bike,4.3
0.1,3.0,Walk,6.9
3.58,16.8,Car,19.7
0.21,3.4,Walk,3.9
0.61,3.0,Walk,11.8
1.17,14.4,Bike,8.1
0.11,3.0,Walk,4.1
0.76,3.7,Walk,13.5
5.26,43.4,Car,12.4
5.53,15.0,Car,23.0
3.46,15.0,Car,18.5
3.93,11.3,Bike,24.7
4.1,16.7,Bike,20.1
1.94,3.0,Walk,37.4
5.5,43.3,Car,13.8
1.33,17.6,Bike,4.6
1.8,3.5,Walk,34.0
2.99,54.8,Car,7.9
3.27,24.1,Car,21.6
8.86,15.0,Car,38.0
2.6,11.4,Bike,15.9
8.41,26.6,Car,24.4
4.78,50.6,Car,12.4
0.55,3.5,Walk,12.3
9.27,15.0,Car,42.3
4.56,8.3,Bike,36.0
2.88,8.7,Bike,18.8
0.62,4.0,Walk,10.9
0.42,4.1,Walk,7.5
6.79,10.3,Bike,42.2
0.11,3.8,Walk,1.8
1.35,3.0,Walk,27.8
3.06,15.8,Car,17.8
1.8,8.0,Bike,20.9
1.36,20.5,Bike,9.4
3.42,24.2,Car,18.5
18.79,42.4,Car,25.1
5.19,22.7,Car,13.0
4.06,27.3,Car,12.0
9.06,20.9,Car,28.5
3.61,8.0,Bike,30.1
2.38,3.0,Walk,48.8
1.78,3.0,Walk,35.8
0.25,3.2,Walk,7.9
2.53,8.0,Bike,29.1
13.19,15.0,Car,68.2
1.54,9.5,Bike,12.9
6.23,50.2,Car,13.8
9.69,15.0,Car,43.5
0.32,12.5,Bike,2.9
2.17,17.0,Bike,9.3
0.79,3.3,Walk,14.1
0.31,3.0,Walk,9.4
3.44,45.4,Car,10.7
2.7,25.2,Car,8.3
1.48,29.3,Car,5.8
1.19,3.0,Walk,25.2
5.4,13.4,Bike,29.2
0.56,12.2,Bike,5.9
9.44,15.0,Car,45.2
4.43,44.0,Car,8.7
6.04,26.8,Car,20.8
11.87,40.5,Car,21.9
0.13,10.9,Bike,4.9
2.98,32.6,Car,15.7
7.19,15.0,Car,30.7
0.43,4.2,Walk,6.7
5.69,14.1,Bike,27.2
5.18,43.5,Car,19.5
3.17,41.7,Car,8.3
0.11,4.8,Walk,5.0
10.79,46.5,Car,25.2
3.68,19.2,Car,18.7
3.94,28.0,Car,11.9
1.91,34.0,Car,18.2
1.51,3.7,Walk,27.1
3.52,15.0,Car,19.3
5.01,34.9,Car,15.0
1.84,33.6,Car,10.4
1.46,4.0,Walk,22.7
0.1,4.2,Walk,4.1
1.95,9.2,Bike,17.6
0.58,8.0,Bike,8.4
11.1,39.7,Car,27.4
0.2,3.7,Walk,5.3
1.13,3.0,Walk,26.1
5.24,8.0,Bike,47.1
0.14,10.5,Bike,3.1
0.1,3.0,Walk,4.1
7.75,22.1,Car,25.7
3.9,23.5,Car,17.9
7.75,35.4,Car,17.4
1.65,8.9,Bike,19.7
1.4,15.0,Car,15.9
10.18,16.5,Car,43.8
0.71,3.0,Walk,12.3
0.1,13.6,Bike,3.5
0.37,13.6,Bike,6.1
0.57,30.5,Car,5.6
1.49,32.1,Car,13.6
1.07,5.4,Walk,14.8
9.72,16.1,Car,37.1
0.12,4.4,Walk,3.4
1.58,3.0,Walk,35.1
2.23,20.2,Car,16.1
8.68,25.1,Car,25.3
1.4,14.9,Bike,6.8
5.27,23.0,Car,17.7
8.38,33.6,Car,17.7
11.77,15.8,Car,48.5
1.16,4.0,Walk,14.6
3.65,15.0,Car,20.9
7.77,8.4,Bike,60.5
1.12,3.0,Walk,26.4
20.05,24.4,Car,62.3
0.34,11.3,Bike,6.3
1.88,42.1,Car,4.2
1.36,15.0,Car,11.5
12.21,54.1,Car,23.9
0.1,3.0,Walk,5.4
20.55,15.0,Car,77.6
1.26,14.9,Bike,8.8
0.1,3.0,Walk,4.8
8.42,15.0,Car,46.0
4.65,15.0,Car,23.4
8.0,10.2,Bike,53.3
4.86,50.1,Car,18.6
0.83,12.0,Bike,6.6
5.24,52.6,Car,6.3
1.4,18.1,Car,10.3
2.41,28.1,Car,13.7
1.02,14.3,Bike,6.6
2.27,17.0,Bike,11.6
0.94,14.6,Bike,8.7
8.0,12.3,Bike,41.5
7.5,47.4,Car,24.3
0.92,3.0,Walk,17.6
0.1,8.0,Bike,2.7
1.45,11.6,Bike,10.5
0.19,13.8,Bike,5.2
0.65,49.8,Car,8.8
7.98,29.0,Car,20.5
0.21,8.0,Bike,4.3
0.99,12.3,Bike,3.6
0.53,28.3,Car,4.7
9.18,39.8,Car,21.3
0.14,3.0,Walk,4.8
8.51,20.8,Car,27.3
5.07,18.8,Car,17.0
0.1,4.4,Walk,3.7
3.84,15.0,Car,26.7
8.59,32.2,Car,24.0
3.19,10.8,Bike,19.2
2.79,21.5,Car,15.9
0.38,9.4,Bike,6.1
1.8,3.6,Walk,33.9
11.29,61.9,Car,22.4
8.62,47.6,Car,14.0
0.31,17.6,Bike,3.3
1.84,19.4,Bike,12.3
3.21,34.5,Car,11.1
1.9,14.1,Bike,11.3
0.38,9.0,Bike,4.0
2.44,35.9,Car,6.7
3.76,15.0,Car,18.1
7.57,26.8,Car,22.1
1.87,15.0,Car,14.1
4.62,15.0,Car,24.1
7.42,19.0,Car,33.0
4.09,8.0,Bike,41.7
6.41,23.2,Car,16.2
4.32,10.5,Bike,29.6
0.1,5.1,Walk,2.7
8.0,10.5,Bike,48.5
4.6,14.5,Bike,24.3
3.01,15.0,Car,27.5
7.55,38.9,Car,20.0
0.59,8.0,Bike,4.2
3.81,47.6,Car,10.5
6.65,15.0,Car,40.9
1.44,17.2,Car,9.4
5.97,22.1,Car,21.8
2.82,16.5,Car,15.5
6.98,26.7,Car,32.0
1.06,8.2,Bike,10.5
7.58,15.3,Car,33.6
10.13,24.8,Car,31.1
16.66,39.7,Car,27.4
4.52,15.0,Car,28.2
5.79,18.2,Car,16.1
7.31,24.7,Car,23.8
1.13,20.5,Car,5.8
8.08,29.6,Car,27.5
0.62,15.0,Car,5.7
0.63,3.0,Walk,13.6
10.93,34.2,Car,18.2
0.24,8.0,Bike,6.1
8.03,61.7,Car,11.1
0.46,3.6,Walk,11.2
0.72,32.3,Car,11.2
0.88,8.0,Bike,10.1
1.13,44.8,Car,9.7
4.36,37.5,Car,14.5
12.36,15.8,Car,41.0
6.71,18.9,Car,33.6
0.67,10.0,Bike,7.3
2.19,3.1,Walk,47.6
2.6,40.1,Car,13.3
0.54,3.0,Walk,14.8
1.17,9.8,Bike,12.4
3.0,4.9,Walk,39.9
2.49,9.1,Bike,18.7
2.13,3.0,Walk,44.0
0.27,8.0,Bike,3.0
1.59,8.0,Bike,15.4
0.25,4.1,Walk,6.0
0.62,3.9,Walk,12.0
1.84,8.0,Bike,19.8
0.1,8.0,Bike,6.2
0.54,3.0,Walk,14.5
1.65,4.8,Walk,22.5
19.1,24.4,Car,56.3
8.06,26.8,Car,19.1
7.11,42.0,Car,14.5
0.1,14.9,Bike,5.5
1.8,15.0,Car,12.3
3.56,28.4,Car,17.1
2.73,25.7,Car,12.4
0.8,10.7,Bike,7.8
0.98,3.0,Walk,23.2
7.96,15.0,Car,47.9
6.19,15.0,Car,23.9
7.98,18.7,Car,27.9
0.15,3.4,Walk,4.3
2.09,22.5,Car,12.1
2.65,21.6,Car,13.9
7.6,29.4,Car,17.4
2.06,20.1,Bike,7.8
2.19,8.0,Bike,20.3
8.86,41.6,Car,19.3
1.55,3.4,Walk,30.0
0.84,3.4,Walk,18.8
5.94,12.8,Bike,33.3
5.3,24.3,Car,21.7
1.17,5.5,Walk,16.9
3.41,32.4,Car,14.2
0.18,3.5,Walk,5.3
0.84,3.0,Walk,18.6
0.47,10.6,Bike,8.6
1.62,42.3,Car,11.9
1.48,17.9,Bike,8.2
2.34,15.0,Car,14.1
7.34,22.3,Car,24.9
1.8,8.0,Bike,14.5
0.16,3.0,Walk,3.6
0.72,8.0,Bike,9.5
1.11,3.0,Walk,27.7
0.86,3.0,Walk,19.0
0.13,3.0,Walk,8.7
0.14,4.0,Walk,3.8
8.04,37.6,Car,21.0
0.24,3.0,Walk,7.5
1.09,13.5,Bike,6.7
0.32,10.0,Bike,7.5
0.14,4.6,Walk,4.6
0.1,3.8,Walk,2.5
4.14,32.6,Car,22.9
4.11,21.6,Car,14.0
0.1,8.7,Bike,4.1
4.8,57.4,Car,11.0
0.2,6.0,Walk,3.9
0.18,4.0,Walk,6.1
3.32,8.4,Bike,29.2
5.41,26.5,Car,14.0
0.28,8.0,Bike,7.2
2.19,3.6,Walk,43.7
1.43,3.5,Walk,29.7
2.83,16.3,Car,20.0
7.39,48.0,Car,12.7
0.18,8.0,Bike,3.5
3.26,9.2,Bike,25.3
0.26,37.4,Car,11.2
2.94,15.0,Car,14.1
0.1,11.0,Bike,1.6
5.6,37.7,Car,19.1
1.92,3.6,Walk,30.2
21.47,67.9,Car,20.1
0.73,3.0,Walk,19.8
2.7,17.6,Car,14.7
0.31,13.3,Bike,4.3
1.58,3.6,Walk,33.8
5.5,22.8,Car,24.1
1.43,3.0,Walk,24.6
1.84,15.4,Car,9.0
1.83,3.0,Walk,42.9
0.32,8.0,Bike,5.8
0.65,3.0,Walk,16.2
0.9,3.0,Walk,17.1
2.04,3.4,Walk,49.5
0.12,13.8,Bike,4.2
0.35,3.0,Walk,9.1
5.98,33.9,Car,18.5
2.65,18.9,Car,16.8
0.67,3.2,Walk,17.8
1.12,30.0,Car,11.2
0.42,3.0,Walk,10.4
1.78,8.0,Bike,16.0
6.95,33.4,Car,23.6
3.29,15.0,Car,18.9
1.0,3.0,Walk,23.5
0.13,3.7,Walk,3.9
3.79,27.9,Car,16.2
2.31,18.5,Car,14.8
1.01,3.0,Walk,20.2
6.08,45.9,Car,15.7
6.02,20.9,Car,19.4
0.32,8.0,Bike,7.6
1.06,13.3,Bike,9.2
0.32,3.6,Walk,8.4
5.88,15.0,Car,29.5
0.2,3.2,Walk,7.5
5.89,8.7,Bike,40.8
2.17,13.5,Bike,14.3
0.1,11.0,Bike,2.3
5.62,22.7,Car,18.1
1.63,12.3,Bike,13.3
1.88,15.7,Bike,11.8
0.93,15.0,Car,9.8
1.83,8.0,Bike,22.0
0.1,3.0,Walk,4.3
1.19,3.0,Walk,29.8
3.21,52.9,Car,14.6
3.24,36.2,Car,8.6
2.16,15.0,Car,24.1
0.42,8.0,Bike,7.0
6.12,41.6,Car,14.9
4.55,15.0,Car,20.1
7.28,39.6,Car,11.9
2.12,13.3,Bike,8.4
0.68,8.7,Bike,7.3
6.47,47.8,Car,11.2
0.1,3.0,Walk,5.5
2.07,8.7,Bike,21.7
6.02,23.9,Car,18.7
0.85,4.7,Walk,14.9
5.74,26.6,Car,17.1
17.08,45.2,Car,26.0
6.26,33.3,Car,14.8
0.93,3.0,Walk,23.8
1.0,15.0,Car,15.8
1.15,8.0,Bike,11.7
2.02,3.0,Walk,42.1
8.78,36.1,Car,16.9
4.22,15.7,Car,26.6
6.52,15.7,Car,32.6
3.0,35.7,Car,9.2
16.84,39.0,Car,34.6
0.85,3.4,Walk,14.8
1.75,41.2,Car,11.4
4.03,16.9,Car,21.0
0.53,3.1,Walk,13.2
0.75,3.0,Walk,19.2
9.51,15.0,Car,49.7
2.19,48.6,Car,6.4
5.57,23.2,Car,24.8
0.1,15.0,Bike,2.4
0.95,8.0,Bike,9.5
7.15,23.9,Car,28.2
2.29,10.3,Bike,15.7
8.28,29.8,Car,24.5
2.04,3.3,Walk,37.7
1.83,8.4,Bike,18.5
5.95,49.2,Car,8.3
0.1,4.2,Walk,2.1
1.82,4.1,Walk,24.8
2.18,51.0,Car,6.2
0.1,3.2,Walk,2.4
3.96,15.0,Car,28.4
0.26,3.0,Walk,7.0
4.14,15.0,Car,26.1
0.39,10.0,Bike,2.9
0.16,3.0,Walk,3.5
0.1,17.1,Bike,3.7
1.45,20.4,Car,11.9
1.8,18.6,Car,10.6
0.1,11.8,Bike,6.7
3.0,3.0,Walk,63.6
1.68,3.5,Walk,28.8
2.44,56.0,Car,9.6
3.78,8.0,Bike,33.2
14.65,54.5,Car,21.0
0.43,15.2,Bike,6.8
3.57,8.2,Bike,28.5
2.37,34.2,Car,10.6
3.43,37.8,Car,13.6
1.03,3.5,Walk,21.1
0.79,13.2,Bike,6.3
4.04,15.0,Car,25.6
1.32,15.0,Car,15.0
1.5,14.9,Bike,10.3
1.23,15.0,Car,12.3
2.09,3.0,Walk,38.2
1.45,15.0,Car,5.3
2.72,15.0,Car,13.8
2.15,23.2,Car,16.1
0.28,11.7,Bike,2.3
1.87,3.0,Walk,40.6
2.12,19.9,Car,8.4
1.78,42.2,Car,15.2
9.66,25.2,Car,28.0
1.91,4.2,Walk,33.3
3.4,29.4,Car,14.2
13.03,27.0,Car,36.7
0.78,3.0,Walk,18.7
4.4,44.4,Car,6.7
2.13,10.6,Bike,13.0
0.26,10.0,Bike,6.3
1.32,8.0,Bike,10.3
0.33,13.9,Bike,5.5
2.22,13.7,Bike,12.5
2.68,43.6,Car,9.2
2.48,25.4,Car,16.3
0.37,16.8,Bike,3.1
0.44,3.0,Walk,9.7
0.14,4.3,Walk,3.8
3.23,9.9,Bike,22.9
1.27,8.5,Bike,11.9
3.36,17.3,Bike,12.0
0.95,3.0,Walk,24.3
3.53,9.6,Bike,21.9
16.96,15.0,Car,63.1
0.42,10.9,Bike,2.2
0.52,13.3,Bike,4.7
25.0,22.6,Car,80.5
11.91,25.0,Car,44.2
2.0,23.1,Car,22.9
3.0,15.0,Car,22.3
0.81,3.6,Walk,19.8
2.88,3.1,Walk,54.5
8.6,38.3,Car,22.4
0.69,9.0,Bike,7.6
0.15,4.8,Walk,3.4
0.64,3.5,Walk,13.6
1.5,8.0,Bike,13.2
3.51,46.5,Car,7.5
7.97,27.2,Car,16.7
3.35,8.0,Bike,30.0
0.39,4.4,Walk,7.4
11.77,28.2,Car,33.1
1.75,3.0,Walk,35.6
0.62,12.1,Bike,5.3
1.96,8.0,Bike,17.7
7.17,13.2,Bike,43.6
4.9,15.0,Car,28.4
3.23,30.1,Car,11.1
2.63,26.3,Car,10.8
11.34,42.6,Car,23.0
3.77,8.0,Bike,25.3
13.51,32.7,Car,26.2
5.4,12.6,Bike,28.8
0.1,3.9,Walk,1.6
2.56,27.7,Car,13.8
1.42,3.0,Walk,31.1
6.78,55.4,Car,10.5
1.52,16.2,Car,18.4
3.7,15.0,Car,17.7
3.24,18.8,Car,21.2
0.59,4.4,Walk,10.7
1.05,51.7,Car,3.9
7.47,30.9,Car,24.2
0.61,4.2,Walk,11.2
7.7,32.9,Car,23.6
1.77,11.6,Bike,11.5
0.24,3.4,Walk,8.1
8.33,21.4,Car,24.8
18.16,20.2,Car,70.9
0.42,9.8,Bike,4.9
2.33,16.6,Bike,10.9
0.25,4.4,Walk,4.8
2.89,15.0,Car,18.7
0.86,16.8,Bike,6.7
0.53,4.4,Walk,7.3
0.51,3.5,Walk,8.7
0.45,36.3,Car,1.0
0.83,36.1,Car,12.5
3.04,18.7,Bike,10.4
0.58,15.0,Car,16.5
3.9,21.5,Car,17.2
1.87,15.0,Car,12.8
5.48,27.8,Car,12.1
0.75,4.5,Walk,14.6
8.02,27.4,Car,32.8
7.59,15.0,Car,32.9
0.1,19.3,Bike,2.1
18.52,50.3,Car,25.2
7.45,26.9,Car,21.2
0.1,9.3,Bike,9.3
0.75,3.2,Walk,17.6
17.92,44.2,Car,28.1
0.24,3.0,Walk,6.4
0.41,3.0,Walk,11.8
0.99,4.8,Walk,16.4
0.86,13.6,Bike,8.2
0.73,3.0,Walk,15.9
1.81,39.4,Car,10.7
0.22,3.0,Walk,5.3
1.62,31.2,Car,17.1
0.1,4.3,Walk,2.8
1.03,3.9,Walk,17.6
1.17,3.0,Walk,30.7
1.12,8.0,Bike,12.5
8.18,15.0,Car,40.1
17.25,48.1,Car,25.9
0.11,8.0,Bike,4.0
1.26,18.6,Bike,9.5
0.1,3.0,Walk,7.2
1.22,3.2,Walk,21.0
12.33,15.0,Car,62.1
9.38,33.6,Car,22.3
7.71,46.8,Car,18.5
1.13,4.2,Walk,20.9
0.31,3.0,Walk,8.0
0.1,4.6,Walk,4.8
7.0,20.5,Car,22.6
1.85,30.1,Car,12.8
1.05,9.6,Bike,12.5
9.31,22.9,Car,28.7
0.65,4.4,Walk,9.6
5.45,8.0,Bike,49.0
1.41,14.0,Bike,7.1
2.34,30.0,Car,10.1
2.27,36.1,Car,4.8
2.56,17.8,Bike,10.9
14.98,31.4,Car,34.4
0.17,11.5,Bike,4.3
1.16,8.4,Bike,12.2
9.77,20.7,Car,42.4
0.1,3.6,Walk,5.5
1.33,14.0,Bike,7.4
2.54,31.2,Car,5.4
2.96,8.0,Bike,25.4
3.01,31.8,Car,8.9
2.28,15.0,Car,20.5
0.2,3.3,Walk,4.9
12.98,21.4,Car,44.8
11.06,30.2,Car,25.6
0.11,3.6,Walk,3.3
6.73,20.2,Car,24.9
0.58,3.0,Walk,14.8
2.03,31.2,Car,13.5
0.93,14.2,Bike,7.5
2.67,45.3,Car,4.8
1.87,9.8,Bike,12.3
2.18,8.2,Bike,18.8
3.82,17.0,Car,19.6
0.77,49.9,Car,4.7
2.46,17.4,Car,19.1
1.51,44.2,Car,9.3
4.49,51.0,Car,10.4
0.8,8.0,Bike,9.2
9.57,15.0,Car,41.2
3.96,15.6,Car,15.6
0.97,3.5,Walk,21.6
0.62,8.0,Bike,9.9
13.57,74.5,Car,14.7
7.93,35.1,Car,20.6
1.16,8.9,Bike,12.2
0.37,3.0,Walk,9.4
0.41,4.4,Walk,9.0
3.82,36.9,Car,14.1
12.61,19.9,Car,45.0
2.46,39.6,Car,12.0
6.81,29.0,Car,19.1
8.81,31.1,Car,22.5
4.96,12.7,Bike,25.5
1.95,20.1,Car,15.8
1.11,42.6,Car,8.2
7.88,16.3,Car,35.8
4.3,16.6,Bike,18.6
0.17,3.0,Walk,4.0
2.08,3.0,Walk,50.2
9.13,36.2,Car,15.8
0.22,3.3,Walk,7.5
4.44,15.0,Car,22.8
3.51,19.7,Car,19.1
1.99,8.0,Bike,17.8
0.71,29.0,Car,6.0
3.44,8.0,Bike,29.1
10.6,36.7,Car,20.3
0.77,3.0,Walk,18.4
9.16,15.0,Car,42.1
0.61,5.0,Walk,8.8
0.1,8.9,Bike,5.5
1.83,3.0,Walk,42.9
1.82,15.0,Car,11.6
4.51,26.5,Car,12.8
2.13,15.0,Car,13.4
0.47,4.3,Walk,9.1
3.0,3.0,Walk,61.1
2.17,8.0,Bike,21.2
0.65,3.0,Walk,15.7
2.51,65.9,Car,3.0
0.1,14.0,Bike,5.7
3.63,36.7,Car,6.4
3.63,34.1,Car,6.0
1.0,3.6,Walk,21.6
11.92,15.0,Car,61.4
2.87,11.0,Bike,16.9
16.1,15.0,Car,72.0
0.44,8.0,Bike,6.7
5.85,27.0,Car,26.8
0.12,3.0,Walk,4.2
16.38,53.4,Car,25.6
3.81,30.7,Car,11.9
6.55,33.8,Car,11.1
3.0,3.0,Walk,63.6
2.76,46.0,Car,10.0
7.66,42.4,Car,17.7
2.02,3.0,Walk,44.7
4.56,32.9,Car,25.3
4.3,21.3,Car,23.9
0.1,3.0,Walk,2.2
3.61,34.2,Car,6.7
5.91,23.9,Car,14.8
3.56,23.4,Car,21.6
5.27,8.2,Bike,41.5
3.74,23.3,Car,21.7
1.04,15.0,Car,7.9
0.83,3.0,Walk,19.5
1.3,3.6,Walk,26.6
4.25,58.1,Car,7.6
3.0,3.0,Walk,58.6
4.72,18.3,Car,15.4
1.56,3.6,Walk,25.5
4.54,11.3,Bike,29.5
4.1,34.0,Car,17.1
2.88,15.7,Car,16.0
0.65,8.0,Bike,7.9
1.43,3.4,Walk,33.4
11.73,23.2,Car,37.3
8.9,29.3,Car,21.9
10.2,22.6,Car,34.2
9.04,25.7,Car,19.4
0.5,3.0,Walk,10.4
0.1,3.3,Walk,6.2
1.17,33.5,Car,11.2
7.57,35.6,Car,23.9
0.84,9.4,Bike,7.8
2.09,8.0,Bike,20.0
2.98,66.9,Car,5.4
3.9,22.3,Car,21.3
5.1,22.8,Car,14.7
9.43,23.3,Car,29.8
0.99,4.5,Walk,16.1
4.34,19.0,Car,14.1
21.88,18.7,Car,70.8
0.57,4.2,Walk,9.6
11.3,26.3,Car,31.1
0.1,3.6,Walk,3.4
1.55,52.7,Car,14.2
0.26,3.1,Walk,7.7
7.25,31.1,Car,30.3
2.49,32.2,Car,10.2
0.29,3.0,Walk,10.3
8.16,15.0,Car,29.7
1.73,26.5,Car,10.2
1.18,32.1,Car,7.7
3.9,46.0,Car,21.4
0.18,3.0,Walk,8.6
1.38,8.0,Bike,15.0
20.06,33.9,Car,55.0
1.24,13.0,Bike,9.7
0.27,3.0,Walk,6.9
4.89,15.0,Car,28.4
3.0,16.0,Car,22.5
0.47,9.5,Bike,7.1
0.2,3.0,Walk,6.9
8.0,8.8,Bike,70.3
0.1,5.0,Walk,3.2
2.0,3.9,Walk,28.1
3.76,32.1,Car,9.2
0.28,3.0,Walk,7.6
9.92,31.8,Car,26.0
1.04,8.0,Bike,10.2
0.49,12.8,Bike,6.6
0.62,3.0,Walk,16.5
0.92,10.1,Bike,8.1
3.7,18.1,Car,17.3
2.29,19.3,Car,8.7
5.64,15.4,Bike,23.7
2.18,15.0,Car,17.9
8.38,15.0,Car,51.0
2.55,12.9,Bike,15.0
1.04,15.3,Car,14.7
5.1,9.8,Bike,32.8
1.48,11.2,Bike,10.7
3.34,30.0,Car,9.2
0.1,5.1,Walk,4.5
0.32,3.4,Walk,7.8
0.66,3.1,Walk,17.7
8.24,15.0,Car,46.3
17.99,54.1,Car,22.8
17.51,35.2,Car,36.8
0.23,3.8,Walk,5.3
13.37,51.8,Car,17.0
1.94,29.8,Car,7.4
1.45,8.0,Bike,13.9
0.19,15.0,Car,10.0
6.69,31.1,Car,12.9
0.28,3.0,Walk,7.1
9.89,31.7,Car,21.3
3.75,24.9,Car,21.6
3.51,15.0,Car,15.4
2.8,37.6,Car,6.8
4.27,39.1,Car,21.9
2.47,15.0,Car,14.0
5.95,15.0,Car,33.0
0.5,3.0,Walk,10.7
11.97,40.0,Car,27.3
0.22,11.9,Bike,6.9
0.3,3.5,Walk,9.1
3.29,36.9,Car,11.3
8.69,44.8,Car,18.4
0.91,3.0,Walk,22.7
0.29,14.7,Bike,2.9
1.19,4.2,Walk,16.6
0.87,4.5,Walk,14.7
5.34,15.0,Car,22.5
1.65,46.0,Car,16.6
1.88,32.5,Car,13.7
1.48,27.3,Car,13.6
5.34,24.1,Car,18.2
10.19,35.9,Car,26.9
5.42,8.0,Bike,38.9
1.15,9.3,Bike,13.7
3.57,15.0,Car,20.0
5.21,39.7,Car,15.9
1.0,3.7,Walk,17.1
0.71,3.0,Walk,17.5
0.13,3.0,Walk,7.0
0.29,8.0,Bike,11.9
1.61,12.9,Bike,11.0
0.64,28.7,Car,9.6
4.14,19.5,Car,22.6
0.52,4.1,Walk,10.5
5.25,15.0,Car,30.7
0.36,3.1,Walk,9.1
2.42,3.0,Walk,53.8
8.68,46.7,Car,12.3
0.42,10.2,Bike,5.4
2.76,17.1,Car,11.2
4.41,8.0,Bike,37.6
3.52,15.0,Car,20.0
5.94,69.1,Car,14.2
6.95,15.0,Car,40.1
1.32,20.4,Car,12.2
0.12,3.3,Walk,3.2
1.73,32.3,Car,8.3
11.15,17.7,Car,39.0
7.14,56.8,Car,16.8
4.77,33.0,Car,13.4
0.54,3.0,Walk,10.7
4.74,15.0,Car,16.5
1.05,3.0,Walk,22.2
7.12,22.2,Car,29.3
3.26,50.0,Car,8.3
14.2,25.0,Car,42.1
0.22,15.4,Bike,4.0
1.3,9.7,Bike,11.3
0.42,36.4,Car,11.2
1.1,3.2,Walk,25.4
20.64,22.6,Car,55.9
2.4,18.1,Car,11.9
0.1,3.9,Walk,2.1
0.87,3.0,Walk,19.5
2.18,3.0,Walk,47.2
15.58,25.8,Car,40.9
2.21,22.0,Car,28.7
4.41,53.3,Car,10.0
1.19,8.0,Bike,14.1
0.96,4.8,Walk,12.9
4.15,39.3,Car,16.6
9.33,15.0,Car,45.4
4.68,26.6,Car,19.8
2.76,11.3,Bike,18.6
0.74,3.4,Walk,16.6
0.1,19.0,Bike,4.1
2.94,44.1,Car,8.7
0.14,3.0,Walk,3.8
1.83,38.0,Car,7.5
0.55,37.7,Car,1.0
12.54,18.7,Car,40.4
2.12,9.0,Bike,18.1
4.23,45.2,Car,12.2
0.94,8.0,Bike,13.2
2.43,8.0,Bike,24.5
14.54,31.9,Car,29.7
4.93,15.0,Car,23.9
0.69,8.0,Bike,7.6
0.3,14.5,Bike,1.8
1.25,24.2,Car,7.0
8.91,30.0,Car,23.8
2.36,23.5,Car,17.8
4.34,18.6,Car,16.4
11.94,25.8,Car,36.6
3.75,8.0,Bike,32.6
5.56,36.3,Car,10.4
2.02,12.6,Bike,13.5
0.99,8.0,Bike,15.7
3.33,30.3,Car,12.0
5.81,32.6,Car,15.6
2.76,3.0,Walk,57.7
5.25,26.2,Car,17.1
1.11,3.2,Walk,20.1
1.12,11.2,Bike,13.2
0.1,5.6,Walk,5.6
0.64,11.2,Bike,7.3
0.66,3.5,Walk,14.5
6.55,45.3,Car,11.3
7.22,20.6,Car,31.9
2.08,20.4,Car,15.0
0.26,3.2,Walk,6.8
1.49,37.8,Car,10.0
1.15,14.9,Bike,7.9
0.47,10.2,Bike,11.5
5.63,39.4,Car,13.9
2.78,3.8,Walk,51.2
0.54,9.0,Bike,7.3
2.05,14.0,Bike,14.8
12.41,16.2,Car,63.2
0.3,4.4,Walk,5.9
7.19,34.7,Car,20.5
9.68,15.0,Car,44.0
3.59,15.0,Car,15.9
15.68,54.9,Car,32.2
2.29,3.0,Walk,56.7
0.18,8.0,Bike,9.9
2.42,15.0,Car,11.9
13.68,48.4,Car,24.0
2.09,15.0,Car,15.0
7.38,40.3,Car,19.7
0.17,5.5,Walk,3.4
13.26,40.3,Car,19.7
1.39,4.5,Walk,19.2
0.43,4.3,Walk,7.5
0.27,3.0,Walk,6.4
0.46,3.3,Walk,11.6
3.76,26.9,Car,14.8
10.03,24.9,Car,29.6
10.67,38.7,Car,22.3
0.73,3.0,Walk,15.1
3.28,26.7,Car,10.0
8.74,41.2,Car,12.9
7.07,27.9,Car,18.7
1.91,19.1,Car,14.8
4.14,15.0,Car,21.2
1.09,3.0,Walk,23.6
2.11,8.0,Bike,17.1
14.97,37.5,Car,35.0
1.3,12.3,Bike,10.1
4.1,8.0,Bike,28.1
0.98,33.7,Car,11.6
0.36,3.0,Walk,9.5
2.44,13.5,Bike,13.8
0.1,3.0,Walk,5.0
20.2,58.9,Car,30.8
2.83,3.9,Walk,42.5
4.79,39.2,Car,11.7
2.29,14.8,Bike,16.4
4.81,43.6,Car,9.9
2.61,11.8,Bike,17.3
3.76,19.1,Car,27.9
1.89,48.3,Car,8.8
0.29,10.6,Bike,5.3
0.66,4.0,Walk,10.8
11.0,43.9,Car,17.5
7.93,24.1,Car,30.1
0.14,8.0,Bike,5.4
1.74,45.4,Car,7.5
7.98,41.5,Car,10.9
0.1,3.6,Walk,4.4
0.4,3.0,Walk,10.6
1.51,3.7,Walk,24.5
7.23,56.0,Car,15.8
2.07,10.1,Bike,14.6
2.24,8.0,Bike,19.5
4.11,15.0,Car,18.2
2.56,29.1,Car,13.8
2.04,8.0,Bike,18.5
0.18,4.6,Walk,4.3
7.39,9.5,Bike,42.3
0.1,20.8,Bike,1.2
7.51,39.8,Car,12.5
0.86,3.0,Walk,19.9
4.64,36.5,Car,14.6
6.39,21.9,Car,23.1
16.49,26.0,Car,39.9
1.16,3.2,Walk,25.1
1.24,13.4,Bike,10.2
1.48,25.0,Car,11.3
0.43,11.8,Bike,4.6
9.84,18.2,Car,37.7
8.21,45.6,Car,19.1
2.61,8.0,Bike,20.2
1.64,16.8,Car,7.5
9.08,25.2,Car,29.8
3.73,21.5,Car,20.4
4.52,8.2,Bike,33.1
0.13,3.0,Walk,6.1
16.3,25.4,Car,43.7
0.32,3.2,Walk,11.9
11.77,23.3,Car,25.7
1.38,3.0,Walk,29.8
1.82,8.7,Bike,15.7
1.16,3.0,Walk,25.8
0.74,8.1,Bike,9.3
0.41,5.1,Walk,9.2
1.73,27.6,Car,7.4
7.24,46.8,Car,9.3
10.58,24.4,Car,33.5
0.51,3.9,Walk,8.3
1.61,11.1,Bike,11.5
7.95,38.1,Car,11.9
1.04,3.0,Walk,26.5
1.41,9.0,Bike,16.2
4.68,15.0,Car,25.0
10.56,42.7,Car,25.9
0.1,3.6,Walk,4.3
6.45,46.2,Car,10.7
2.55,14.4,Bike,13.0
0.85,4.3,Walk,13.9
0.43,9.6,Bike,7.2
1.51,4.6,Walk,22.3
0.1,3.3,Walk,4.1
0.1,3.0,Walk,2.6
2.76,26.5,Car,12.3
3.35,32.7,Car,8.1
3.7,23.8,Car,20.0
0.21,3.0,Walk,5.2
6.71,30.5,Car,22.9
6.37,34.9,Car,13.7
0.66,5.2,Walk,9.1
4.3,22.0,Car,15.7
1.41,14.4,Bike,7.6
1.48,8.0,Bike,22.1
4.6,31.9,Car,17.0
0.45,3.7,Walk,7.3
1.15,3.7,Walk,25.6
0.66,3.0,Walk,18.4
0.83,15.9,Car,5.1
3.56,36.3,Car,14.4
1.16,15.0,Car,7.7
3.52,8.7,Bike,27.6
9.95,48.8,Car,18.5
11.43,24.7,Car,35.2
6.22,37.9,Car,13.7
3.86,15.0,Car,22.8
0.64,14.4,Bike,7.9
18.36,48.0,Car,28.2
9.08,36.4,Car,22.6
6.75,32.8,Car,17.4
0.46,4.2,Walk,7.8
15.07,25.0,Car,39.9
11.67,44.9,Car,17.0
7.04,52.5,Car,10.0
3.06,43.5,Car,15.3
0.32,3.0,Walk,10.0
1.52,12.9,Bike,10.4
4.43,33.4,Car,14.4
0.5,3.8,Walk,10.2
0.7,3.0,Walk,18.4
4.61,41.4,Car,9.0
0.67,26.2,Car,11.5
6.27,11.9,Bike,36.6
1.98,30.8,Car,9.4
1.04,12.6,Bike,8.1
0.58,4.3,Walk,10.6
13.25,33.0,Car,22.6
0.35,13.4,Bike,5.2
0.99,3.8,Walk,16.7
14.82,53.9,Car,16.1
7.7,24.1,Car,27.6
0.87,8.0,Bike,11.6
1.05,12.1,Bike,11.9
0.2,4.1,Walk,6.3
0.35,4.1,Walk,9.0
8.96,38.6,Car,18.9
4.04,34.2,Car,15.2
1.68,15.2,Bike,6.7
7.63,23.1,Car,20.8
0.21,8.3,Bike,5.3
3.94,10.8,Bike,25.1
2.12,25.0,Car,14.6
0.52,49.1,Car,1.0
18.5,27.3,Car,45.6
0.1,3.0,Walk,6.2
0.9,3.4,Walk,17.4
1.08,8.0,Bike,14.8
10.93,16.7,Car,46.5
4.32,17.9,Car,15.7
5.44,27.6,Car,18.1
4.91,15.0,Car,23.2
3.21,23.1,Car,15.2
0.77,4.2,Walk,15.9
2.75,47.6,Car,7.9
6.28,11.6,Bike,35.0
0.38,3.0,Walk,10.6
9.04,20.4,Car,37.5
0.14,4.6,Walk,5.0
2.82,13.0,Bike,13.9
0.94,3.0,Walk,20.1
8.19,29.9,Car,26.9
1.69,9.6,Bike,10.7
1.27,4.1,Walk,18.8
4.62,30.5,Car,10.0
0.1,10.4,Bike,6.1
1.83,27.6,Car,7.6
1.28,13.7,Bike,7.3
9.43,54.5,Car,17.3
0.88,3.0,Walk,21.9
0.83,22.6,Car,7.9
3.0,3.0,Walk,69.9
1.04,8.0,Bike,13.7
2.12,8.0,Bike,19.4
5.16,11.9,Bike,26.2
0.49,9.5,Bike,5.5
5.74,34.1,Car,15.7
0.66,3.9,Walk,11.8
1.83,10.8,Bike,11.4
11.19,18.7,Car,40.1
0.27,5.0,Walk,3.8
1.01,29.5,Car,3.0
2.3,11.6,Bike,15.1
1.4,19.1,Car,8.5
1.73,15.0,Car,6.9
14.51,19.8,Car,54.6
1.71,24.5,Car,10.7
1.24,4.4,Walk,16.6
12.96,51.0,Car,18.8
0.1,3.0,Walk,5.4
6.64,39.0,Car,14.1
2.13,13.9,Bike,12.3
1.02,3.0,Walk,22.2
8.09,33.6,Car,21.6
0.76,36.3,Car,6.2
5.54,44.2,Car,14.0
5.0,11.6,Bike,29.3
1.41,3.0,Walk,31.3
0.55,3.1,Walk,12.2
11.72,15.0,Car,48.0
3.1,10.9,Bike,20.8
10.31,23.9,Car,31.6
1.96,25.7,Car,7.2
0.54,3.0,Walk,15.2
6.85,30.6,Car,18.4
0.69,12.2,Bike,8.0
0.17,3.0,Walk,4.9
4.68,27.3,Car,16.0
1.55,14.6,Bike,8.8
1.85,15.0,Bike,9.6
5.19,15.0,Car,25.6
5.36,33.0,Car,11.0
0.65,3.7,Walk,14.7
0.14,4.6,Walk,3.3
0.57,3.3,Walk,13.6
2.09,15.0,Car,11.1
6.05,24.6,Car,21.5
1.21,3.0,Walk,29.2
1.01,8.0,Bike,13.6
1.04,4.0,Walk,13.9
0.22,4.3,Walk,4.3
3.97,36.2,Car,16.8
0.62,3.9,Walk,11.7
1.66,18.4,Car,15.5
0.1,3.4,Walk,6.0
0.96,30.1,Car,7.0
5.32,15.0,Car,28.9
0.1,9.8,Bike,1.0
0.2,8.6,Bike,1.7
6.0,32.5,Car,20.7
4.63,15.0,Car,24.5
1.19,49.2,Car,7.7
4.83,38.0,Car,17.3
0.1,4.6,Walk,2.7
0.99,3.0,Walk,20.1
0.74,18.1,Car,11.4
7.56,15.0,Car,32.6
7.23,24.4,Car,27.6
1.77,13.5,Bike,9.0
0.78,3.6,Walk,14.6
3.0,3.0,Walk,54.4
0.25,3.0,Walk,4.9
3.38,15.0,Car,23.7
0.86,3.0,Walk,17.8
1.3,8.0,Bike,12.5
2.47,41.4,Car,11.2
0.34,29.0,Car,4.7
1.18,26.3,Car,6.5
3.56,37.3,Car,10.7
1.77,3.0,Walk,37.3
16.0,58.9,Car,19.6
4.02,16.7,Car,26.9
0.1,3.2,Walk,4.0
4.27,16.2,Car,20.3
7.61,36.3,Car,17.2
6.21,16.1,Car,33.7
1.84,23.5,Car,19.0
0.86,4.3,Walk,15.1
0.15,3.8,Walk,4.1
0.74,11.5,Bike,9.8
6.59,28.7,Car,21.5
0.5,3.0,Walk,16.4
11.2,38.5,Car,21.0
0.1,3.9,Walk,4.8
1.72,31.4,Car,4.1
4.52,8.0,Bike,35.9
2.38,11.4,Bike,16.0
1.37,28.3,Car,4.4
0.71,22.5,Car,8.6
2.62,25.8,Car,9.3
0.44,3.1,Walk,13.5
8.63,20.8,Car,45.0
8.12,35.4,Car,20.1
0.37,3.0,Walk,12.6
1.47,3.0,Walk,33.3
12.46,39.5,Car,28.7
1.78,12.1,Bike,16.0
0.1,3.0,Walk,5.3
4.04,9.1,Bike,28.2
0.26,4.4,Walk,6.3
5.31,8.0,Bike,41.3
0.71,12.9,Bike,7.9
4.51,22.7,Car,20.2
4.32,48.4,Car,9.6
0.98,19.4,Bike,6.2
4.02,23.2,Car,14.5
1.67,10.9,Bike,13.9
0.81,3.0,Walk,20.4
5.59,48.1,Car,12.2
8.99,15.0,Car,36.3
5.88,21.9,Car,27.1
5.88,8.0,Bike,44.0
14.45,42.7,Car,29.4
2.73,35.0,Car,9.2
0.31,3.1,Walk,8.3
0.56,11.8,Bike,6.1
10.24,47.1,Car,11.7
0.1,3.0,Walk,5.0
2.34,3.2,Walk,42.2
0.12,4.3,Walk,2.5
1.19,20.7,Car,17.0
14.2,42.7,Car,23.5
0.41,5.2,Walk,6.8
5.11,15.8,Bike,21.8
1.43,42.5,Car,9.9
8.9,15.0,Car,38.0
7.57,59.5,Car,11.8
3.13,46.8,Car,5.9
4.88,16.3,Car,25.9
0.7,14.0,Bike,5.0
2.02,24.6,Car,9.4
5.09,15.7,Car,20.7
2.04,12.3,Bike,9.6
0.94,3.9,Walk,17.0
0.65,3.9,Walk,12.4
19.84,40.6,Car,36.8
5.32,8.0,Bike,39.2
6.96,27.8,Car,28.9
2.55,3.8,Walk,46.3
4.36,29.8,Car,14.2
4.66,58.2,Car,11.2
1.43,3.7,Walk,21.9
2.69,8.1,Bike,21.0
0.22,3.0,Walk,5.4
2.01,8.0,Bike,17.4
0.98,4.6,Walk,13.1
2.17,11.2,Bike,14.7
2.02,8.6,Bike,20.8
0.26,3.0,Walk,8.8
14.15,23.0,Car,44.5
4.88,40.9,Car,15.9
5.06,45.2,Car,13.3
6.57,27.6,Car,23.7
0.25,3.0,Walk,6.0
1.97,3.0,Walk,42.7
0.92,3.3,Walk,18.3
6.13,21.5,Car,16.5
2.54,3.0,Walk,52.6
0.92,11.7,Bike,7.6
0.44,14.7,Bike,3.3
4.3,8.5,Bike,38.0
3.64,23.6,Car,13.6
0.41,9.1,Bike,8.2
0.75,3.2,Walk,15.8
3.0,8.0,Bike,22.7
0.4,8.1,Bike,14.2
1.31,34.8,Car,12.0
1.67,12.5,Bike,12.7
3.46,20.9,Car,17.1
0.13,24.0,Car,9.8
4.97,33.8,Car,15.5
4.58,8.0,Bike,43.0
0.56,5.5,Walk,8.6
8.8,31.7,Car,26.5
0.19,10.1,Bike,4.5
3.77,62.7,Car,5.5
0.39,9.9,Bike,5.0
0.1,4.9,Walk,2.9
2.45,32.9,Car,7.4
8.0,8.0,Bike,80.8
1.78,8.0,Bike,16.8
3.0,3.0,Walk,60.7
1.76,3.0,Walk,34.1
0.82,3.0,Walk,18.8
0.52,10.8,Bike,6.8
12.59,56.7,Car,19.8
14.91,44.8,Car,27.5
0.71,5.3,Walk,10.4
2.45,21.1,Car,12.6
1.05,15.3,Bike,4.9
0.68,16.3,Bike,5.3
5.13,8.0,Bike,38.5
8.0,8.0,Bike,67.1
4.44,15.0,Car,17.1
10.53,23.3,Car,33.7
7.69,38.6,Car,23.8
4.94,33.9,Car,19.6
10.09,34.6,Car,20.2
1.54,4.2,Walk,21.0
0.5,3.7,Walk,10.0
0.33,8.7,Bike,4.9
2.21,8.0,Bike,20.3
3.11,16.1,Car,15.2
6.02,15.0,Car,23.5
10.31,38.5,Car,26.2
0.46,3.4,Walk,11.8
1.35,30.1,Car,9.7
7.71,35.9,Car,12.9
4.12,29.8,Car,18.6
2.43,12.3,Bike,18.0
4.6,15.0,Car,27.0
0.37,3.7,Walk,8.3
5.07,39.2,Car,11.3
2.2,9.5,Bike,19.0
6.91,25.4,Car,15.2
7.01,22.4,Car,18.1
11.62,21.3,Car,43.2
7.07,15.0,Car,34.7
1.32,15.3,Bike,8.3
8.0,14.7,Bike,34.7
5.11,69.4,Car,10.1
2.75,22.6,Car,21.2
0.49,8.6,Bike,6.7
0.96,8.0,Bike,12.9
0.56,3.0,Walk,15.7
0.71,6.3,Walk,9.8
4.51,9.2,Bike,32.0
0.14,12.6,Bike,1.9
2.08,8.4,Bike,21.0
0.33,4.4,Walk,6.7
0.13,3.7,Walk,2.9
0.41,18.1,Bike,4.0
7.15,52.1,Car,18.3
5.71,40.1,Car,18.9
0.1,3.0,Walk,5.0
7.88,36.4,Car,15.0
4.64,34.5,Car,13.9
5.7,31.3,Car,12.8
0.1,8.0,Bike,2.0
6.64,24.5,Car,16.1
2.38,3.0,Walk,51.5
3.5,52.4,Car,7.6
2.32,3.0,Walk,42.0
21.99,55.7,Car,29.6
5.23,11.4,Bike,30.7
10.42,15.0,Car,46.7
0.26,11.6,Bike,4.6
0.9,15.0,Bike,8.2
0.51,3.0,Walk,15.3
1.21,8.0,Bike,11.3
1.25,3.7,Walk,23.6
8.73,19.6,Car,35.2
0.52,3.3,Walk,11.3
8.87,15.0,Car,49.3
5.52,13.2,Bike,27.9
1.35,3.7,Walk,24.4
0.36,3.0,Walk,9.8
4.69,20.0,Car,17.0
5.77,15.0,Car,22.7
8.01,31.7,Car,19.0
1.48,3.0,Walk,37.3
10.82,59.4,Car,17.1
1.01,9.0,Bike,11.8
0.4,9.2,Bike,9.2
0.15,18.1,Bike,4.3
0.6,9.8,Bike,8.9
2.59,20.4,Car,18.0
0.63,3.5,Walk,10.3
2.33,36.0,Car,7.0
3.61,15.0,Car,14.9
10.46,46.6,Car,20.1
0.82,4.1,Walk,14.5
4.9,53.8,Car,7.5
6.7,38.3,Car,15.6
3.96,35.8,Car,12.5
1.55,4.3,Walk,26.4
0.25,3.0,Walk,6.9
1.24,3.8,Walk,24.8
3.45,30.4,Car,11.2
12.8,51.9,Car,18.5
4.57,31.9,Car,14.3
0.55,4.1,Walk,10.0
5.13,40.3,Car,16.2
5.29,9.8,Bike,39.1
1.46,3.6,Walk,28.6
1.06,3.0,Walk,26.7
0.11,11.1,Bike,3.3
0.1,3.0,Walk,4.1
0.18,17.4,Bike,1.1
0.55,8.0,Bike,9.8
0.41,3.0,Walk,11.1
1.93,24.7,Car,9.8
6.72,30.9,Car,14.1
4.73,18.1,Bike,17.1
3.6,15.0,Car,15.8
3.09,54.7,Car,8.2
0.85,4.2,Walk,14.7
1.02,8.0,Bike,9.5
7.56,18.9,Car,28.9
1.58,15.0,Car,10.6
8.0,10.8,Bike,43.5
3.02,33.7,Car,7.0
13.29,43.5,Car,19.4
7.71,40.8,Car,14.1
1.74,3.9,Walk,29.0
4.17,40.8,Car,11.8
0.1,4.6,Walk,3.0
1.65,9.7,Bike,12.2
6.65,15.0,Car,34.5
0.1,3.0,Walk,7.0
2.33,27.2,Car,9.8
7.17,31.7,Car,23.4
0.5,4.2,Walk,9.5
0.49,8.3,Bike,4.8
0.34,3.0,Walk,7.8
4.37,13.3,Bike,20.2
0.1,17.1,Bike,4.0
9.03,54.9,Car,15.6
1.34,14.3,Bike,7.6
4.62,15.0,Car,24.3
3.29,37.4,Car,9.0
3.39,24.2,Car,19.1
1.52,4.7,Walk,18.1
0.77,4.0,Walk,12.2
1.89,3.0,Walk,42.6
7.28,13.2,Bike,26.0
8.08,15.0,Car,38.7
2.82,26.9,Car,14.1
3.12,12.6,Bike,19.5
0.1,3.0,Walk,4.5
0.76,4.1,Walk,13.5
0.78,3.0,Walk,21.7
2.99,16.8,Car,17.5
0.56,3.0,Walk,16.7
6.37,21.5,Car,23.1
6.21,25.6,Car,20.3
5.84,25.7,Car,19.9
0.48,19.5,Bike,6.0
1.77,3.0,Walk,38.1
1.39,10.2,Bike,11.6
12.05,35.9,Car,25.7
0.43,5.5,Walk,6.7
4.39,32.0,Car,21.0
0.21,4.3,Walk,5.2
6.15,26.6,Car,25.5
7.87,18.2,Car,40.0
8.53,35.0,Car,26.6
0.45,8.0,Bike,8.2
0.1,10.5,Bike,3.3
0.94,3.0,Walk,23.2
7.97,15.0,Car,38.0
5.13,15.0,Car,24.4
1.86,15.0,Car,14.0
3.83,54.6,Car,9.5
9.6,38.4,Car,20.7
0.1,3.8,Walk,5.0
7.84,45.8,Car,11.9
0.99,3.0,Walk,20.3
0.87,3.0,Walk,18.6
0.94,3.4,Walk,20.0
0.25,3.0,Walk,8.5
1.45,15.0,Car,13.6
0.2,3.0,Walk,7.1
4.71,30.8,Car,17.7
13.27,23.0,Car,35.8
25.0,18.2,Car,79.8
8.9,30.8,Car,14.0
0.84,3.0,Walk,19.4
0.62,3.3,Walk,15.7
8.69,15.6,Car,38.7
8.11,36.7,Car,14.6
0.56,3.0,Walk,13.5
4.31,42.2,Car,7.1
4.08,33.9,Car,7.1
0.88,3.0,Walk,19.1
7.47,15.0,Car,40.0
3.66,38.7,Car,10.7
2.97,33.2,Car,9.2
3.71,13.7,Bike,17.3
1.16,4.7,Walk,16.0
7.59,18.7,Car,36.5
7.5,15.0,Car,29.2
0.1,3.7,Walk,3.9
5.12,16.9,Car,19.6
1.81,8.0,Bike,18.8
0.73,3.3,Walk,16.8
0.81,3.0,Walk,16.1
0.39,5.0,Walk,8.7
1.52,3.0,Walk,31.4
0.11,3.0,Walk,4.3
2.12,11.6,Bike,17.1
7.22,15.0,Car,33.1
8.47,20.1,Car,25.9
4.59,31.8,Car,17.8
0.87,3.0,Walk,18.1
7.31,39.8,Car,13.5
8.05,15.0,Car,42.4
6.72,15.0,Car,33.1
9.09,40.6,Car,22.1
6.52,26.8,Car,23.2
1.48,3.0,Walk,34.9
2.09,15.0,Car,7.9
0.85,5.2,Walk,11.3
1.77,16.0,Car,11.2
0.44,3.7,Walk,9.7
6.97,41.2,Car,14.0
0.1,3.8,Walk,5.0
0.33,25.7,Car,8.3
8.97,65.2,Car,18.5
5.78,40.5,Car,13.4
0.1,4.5,Walk,3.6
2.48,15.8,Bike,11.9
3.69,20.3,Car,17.7
5.25,14.2,Bike,27.8
5.63,24.0,Car,20.4
1.28,3.1,Walk,24.4
0.17,3.0,Walk,8.2
0.1,5.5,Walk,3.3
0.1,3.0,Walk,5.6
2.66,15.0,Car,19.3
2.2,43.9,Car,8.9
0.32,3.9,Walk,5.9
1.38,4.1,Walk,18.1
1.93,21.0,Car,13.7
4.5,37.7,Car,15.6
4.09,35.6,Car,9.6
7.69,19.9,Car,23.9
3.1,15.0,Car,18.3
4.88,28.8,Car,14.9
0.1,3.0,Walk,2.3
10.29,20.8,Car,30.3
1.31,12.9,Bike,10.7
5.23,43.6,Car,11.1
4.44,8.1,Bike,36.0
0.41,3.0,Walk,9.6
7.51,10.6,Bike,47.2
0.87,10.8,Bike,4.8
3.07,32.0,Car,12.4
0.1,3.0,Walk,4.0
1.63,12.7,Bike,10.7
0.1,4.8,Walk,3.4
3.33,36.5,Car,5.6
3.6,34.4,Car,11.2
3.67,15.0,Car,21.2
3.52,43.2,Car,12.7
2.69,8.0,Bike,24.7
2.39,22.9,Car,6.2
11.24,35.2,Car,16.1
0.69,15.0,Car,6.6
0.42,3.7,Walk,9.3
1.25,3.4,Walk,25.9
0.28,45.2,Car,8.8
5.09,11.2,Bike,25.1
0.88,4.1,Walk,12.9
0.95,3.2,Walk,22.4
0.99,19.0,Bike,3.7
0.1,13.1,Bike,2.4
2.91,39.4,Car,11.7
2.79,32.1,Car,7.6
9.63,46.1,Car,20.2
2.53,37.1,Car,6.5
1.5,3.0,Walk,30.3
9.85,42.9,Car,16.8
2.49,10.6,Bike,15.7
14.77,79.4,Car,21.9
8.95,34.2,Car,15.3
4.79,10.5,Bike,29.7
6.65,17.6,Car,24.3
3.27,8.0,Bike,25.8
2.5,39.2,Car,5.9
6.69,23.8,Car,23.3
4.49,23.7,Car,19.5
3.91,15.0,Car,19.4
1.35,4.0,Walk,20.5
14.86,53.4,Car,19.2
9.45,15.0,Car,46.2
15.47,17.7,Car,52.1
4.04,9.6,Bike,28.2
2.27,51.5,Car,5.6
0.55,4.1,Walk,10.2
0.68,3.0,Walk,16.8
0.9,18.1,Bike,2.8
0.89,3.9,Walk,17.2
1.47,4.3,Walk,23.7
8.56,31.4,Car,26.9
1.46,3.0,Walk,29.6
1.06,8.1,Bike,10.7
10.06,41.3,Car,17.0
1.96,4.4,Walk,28.3
2.06,3.0,Walk,40.6
0.13,4.1,Walk,6.0
1.19,3.0,Walk,23.2
0.16,8.0,Bike,5.2
8.88,21.9,Car,38.3
0.1,18.5,Bike,2.2
11.6,24.8,Car,42.8
0.88,3.0,Walk,19.3
8.39,15.0,Car,38.0
7.63,12.2,Bike,39.5
0.18,3.0,Walk,9.2
2.73,15.0,Car,12.5
0.29,8.4,Bike,7.1
7.67,40.8,Car,17.9
4.68,28.3,Car,24.3
9.64,38.4,Car,26.4
1.34,28.1,Car,9.3
6.2,15.0,Car,29.8
15.72,15.0,Car,66.9
3.12,22.8,Car,16.7
0.99,8.0,Bike,9.0
3.0,3.0,Walk,62.8
1.22,10.7,Bike,6.8
0.98,8.0,Bike,11.0
0.1,3.8,Walk,3.8
2.17,3.5,Walk,46.4
0.51,3.0,Walk,11.0
5.07,23.3,Car,22.0
0.98,26.6,Car,9.4
1.69,26.4,Car,7.3
0.78,3.2,Walk,18.8
0.26,8.0,Bike,6.6
0.15,3.7,Walk,4.2
0.1,3.0,Walk,3.8
0.8,10.2,Bike,6.2
9.74,15.0,Car,44.5
2.88,8.0,Bike,26.9
3.65,34.2,Car,12.1
0.12,4.5,Walk,5.4
6.29,34.0,Car,16.9
0.8,9.3,Bike,6.7
13.51,40.5,Car,37.7
0.17,8.2,Bike,3.4
8.0,8.0,Bike,61.4
7.58,23.5,Car,31.2
0.31,3.0,Walk,9.6
0.62,4.9,Walk,8.5
1.79,3.0,Walk,35.0
0.42,4.5,Walk,7.1
0.18,3.0,Walk,7.2
1.13,8.0,Bike,11.7
4.77,38.0,Car,14.9
1.88,3.5,Walk,31.2
1.49,13.9,Bike,7.6
0.14,3.0,Walk,8.3
15.49,24.2,Car,43.5
1.06,3.0,Walk,25.9
2.92,25.5,Car,15.3
1.34,4.2,Walk,22.9
0.94,55.7,Car,8.9
4.56,11.6,Bike,23.8
0.98,43.1,Car,7.6
7.31,50.6,Car,14.1
0.55,3.2,Walk,12.0
15.25,57.4,Car,20.2
0.1,12.8,Bike,4.7
2.61,25.5,Car,13.7
6.68,27.3,Car,15.5
1.04,3.0,Walk,20.5
5.16,41.6,Car,19.7
18.36,31.9,Car,34.2
1.39,13.5,Bike,11.9
10.52,41.5,Car,20.3
10.84,15.0,Car,49.3
1.15,5.0,Walk,18.7
0.1,3.3,Walk,2.8
2.5,3.0,Walk,57.5
0.74,8.0,Bike,12.4
14.35,37.4,Car,33.9
3.0,3.0,Walk,53.4
0.17,3.0,Walk,5.7
3.08,19.0,Car,16.7
0.15,3.0,Walk,5.7
5.5,29.3,Car,20.4
8.18,33.3,Car,26.4
0.38,20.8,Bike,1.1
0.43,3.0,Walk,9.4
4.52,15.0,Car,29.9
5.13,37.5,Car,16.1
5.64,28.4,Car,11.4
0.8,3.0,Walk,17.1
0.6,22.6,Car,6.1
1.96,19.1,Bike,8.2
0.32,16.9,Bike,4.1
0.23,6.3,Walk,3.7
6.9,33.7,Car,20.6
3.48,19.7,Car,26.0
12.52,21.6,Car,40.4
0.95,8.3,Bike,10.5
0.88,3.0,Walk,16.2
0.1,12.7,Bike,2.1
7.26,19.2,Car,35.8
2.06,11.3,Bike,17.3
0.9,3.9,Walk,15.8
0.3,6.2,Walk,6.0
1.44,11.5,Bike,10.3
4.35,42.8,Car,11.6
0.1,3.0,Walk,5.1
0.16,3.0,Walk,4.1
1.7,8.2,Bike,18.1
0.25,41.9,Car,8.4
14.76,31.2,Car,36.5
0.16,3.5,Walk,5.9
0.61,8.2,Bike,7.3
11.93,33.1,Car,21.9
1.18,30.7,Car,7.7
1.2,8.3,Bike,13.4
5.85,27.0,Car,23.0
3.1,15.0,Car,15.1
11.49,41.7,Car,23.9
0.49,8.0,Bike,8.3
2.63,10.5,Bike,16.0
2.14,65.6,Car,6.2
0.37,3.0,Walk,10.4
1.59,20.4,Bike,8.3
8.48,18.2,Car,34.3
0.1,4.3,Walk,4.6
0.56,3.7,Walk,10.0
3.66,31.9,Car,7.2
0.41,5.6,Walk,8.1
1.49,11.2,Bike,11.0
0.55,13.9,Bike,9.5
0.55,34.4,Car,6.7
4.0,38.5,Car,11.1
14.7,15.8,Car,56.3
0.15,3.0,Walk,5.9
13.1,72.4,Car,16.0
6.1,14.2,Bike,21.9
6.47,40.6,Car,18.8
1.14,9.4,Bike,13.3
0.29,3.1,Walk,7.4
0.1,3.0,Walk,4.7
7.41,15.0,Car,29.2
7.03,18.1,Car,29.6
2.74,56.6,Car,7.6
4.52,30.4,Car,15.5
2.8,23.3,Car,11.5
1.17,3.2,Walk,23.9
4.4,51.5,Car,6.1
2.23,14.7,Bike,15.3
2.27,28.4,Car,8.5
2.03,8.1,Bike,17.0
3.0,3.0,Walk,66.6
0.83,3.5,Walk,19.6
0.45,3.5,Walk,7.6
0.15,3.9,Walk,4.2
0.27,3.5,Walk,5.1
0.48,3.0,Walk,9.6
11.41,34.7,Car,24.5
0.81,9.3,Bike,5.6
1.07,3.0,Walk,27.6
1.3,3.0,Walk,30.3
1.37,3.0,Walk,32.1
5.22,15.0,Car,25.2
7.07,53.0,Car,15.9
0.94,18.0,Bike,6.4
2.45,3.0,Walk,56.7
4.38,15.0,Car,23.8
0.1,3.0,Walk,6.1
3.86,28.2,Car,12.1
0.1,3.1,Walk,5.9
8.42,31.7,Car,16.1
0.1,3.0,Walk,4.0
0.49,3.3,Walk,13.3
2.58,10.2,Bike,22.9
2.13,41.4,Car,12.0
0.1,4.5,Walk,3.2
1.95,8.0,Bike,21.6
0.63,3.0,Walk,19.0
0.81,3.0,Walk,19.2
5.79,32.3,Car,20.4
12.36,15.0,Car,49.7
1.61,11.9,Bike,11.3
0.82,3.4,Walk,13.3
0.26,3.1,Walk,6.8
0.41,4.6,Walk,6.9
8.61,28.6,Car,22.1
0.23,8.0,Bike,3.5
4.16,52.7,Car,4.3
11.29,31.9,Car,22.8
2.55,18.9,Car,14.1
2.53,9.0,Bike,19.5
6.19,18.6,Car,26.2
1.56,29.5,Car,10.3
0.34,3.0,Walk,7.9
0.88,16.0,Bike,6.5
1.1,3.8,Walk,15.7
0.99,3.1,Walk,20.4
1.22,21.9,Car,3.0
10.73,38.2,Car,25.2
0.2,3.0,Walk,7.2
1.5,3.1,Walk,33.0
0.67,3.9,Walk,12.1
4.64,33.3,Car,19.0
2.05,19.0,Bike,10.6
0.56,3.0,Walk,11.9
1.07,3.0,Walk,25.2
11.62,15.0,Car,43.2
4.32,15.0,Car,23.4
1.21,31.4,Car,2.6
0.8,4.6,Walk,10.1
10.03,17.8,Car,42.1
0.66,4.1,Walk,12.7
0.73,3.0,Walk,19.1
5.69,15.6,Car,27.2
5.64,15.4,Car,23.7
2.44,23.5,Car,11.1
7.14,29.6,Car,17.4
0.49,3.0,Walk,10.2
3.09,30.4,Car,21.0
1.74,21.7,Car,6.8
1.48,20.8,Car,18.7
0.64,54.3,Car,4.6
2.75,44.3,Car,6.1
5.48,11.1,Bike,34.9
8.0,8.0,Bike,62.3
0.82,3.5,Walk,17.3
7.42,37.1,Car,19.0
0.74,8.7,Bike,9.0
1.58,3.0,Walk,37.3
0.43,5.0,Walk,7.7
4.34,8.9,Bike,39.9
4.11,15.0,Car,24.4
5.78,11.2,Bike,36.5
0.21,3.3,Walk,5.2
10.22,19.0,Car,40.0
2.13,4.7,Walk,31.3
0.81,3.0,Walk,21.5
0.88,54.4,Car,11.1
0.87,3.9,Walk,14.5
2.69,15.5,Bike,13.0
0.64,3.9,Walk,11.8
2.28,8.0,Bike,20.9
2.91,32.2,Car,9.7
0.92,3.0,Walk,24.8
2.41,49.5,Car,10.8
4.44,8.7,Bike,30.3
0.22,3.5,Walk,6.0
1.75,12.9,Bike,8.7
0.22,4.5,Walk,4.6
1.41,3.0,Walk,31.2
8.08,15.0,Car,32.0
9.06,18.8,Car,39.0
0.62,19.6,Car,6.4
1.52,13.0,Bike,13.6
0.1,3.0,Walk,3.8
5.4,35.9,Car,15.0
6.26,36.3,Car,16.3
0.1,4.1,Walk,1.3
14.16,50.0,Car,22.7
10.87,15.0,Car,39.4
6.25,49.0,Car,18.8
2.97,34.2,Car,9.5
0.46,3.0,Walk,13.5
12.74,20.2,Car,41.4
2.73,30.7,Car,13.5
3.51,40.1,Car,10.1
1.13,3.8,Walk,16.8
0.86,5.1,Walk,11.0
5.4,18.3,Car,18.9
6.19,41.0,Car,13.1
7.58,25.9,Car,29.1
4.47,13.2,Bike,20.8
0.5,11.7,Bike,3.4
0.75,13.0,Bike,7.3
14.06,17.4,Car,49.1
0.1,3.0,Walk,4.2
1.84,3.0,Walk,42.4
1.08,24.0,Car,7.4
0.67,4.1,Walk,10.8
1.37,3.8,Walk,25.1
20.13,41.6,Car,28.7
0.17,4.2,Walk,6.0
4.31,35.3,Car,14.8
4.45,8.8,Bike,38.3
0.11,3.0,Walk,5.5
0.26,3.0,Walk,7.4
1.32,28.5,Car,4.2
5.13,17.2,Car,22.0
5.38,21.8,Car,19.1
1.4,11.3,Bike,14.2
5.19,47.5,Car,14.2
3.26,13.5,Bike,17.5
0.56,13.8,Bike,5.7
14.08,45.0,Car,21.7
0.88,13.8,Bike,7.4
4.85,31.6,Car,17.9
0.27,8.4,Bike,1.7
4.42,15.0,Car,23.2
0.94,15.0,Car,13.0
4.49,28.4,Car,21.2
7.23,15.1,Car,36.0
0.38,3.0,Walk,10.5
8.96,15.0,Car,37.4
5.65,30.7,Car,17.6
7.91,47.0,Car,20.5
3.93,17.0,Car,25.8
0.96,4.8,Walk,16.6
1.66,15.2,Bike,14.9
2.5,15.0,Car,24.1
5.63,29.3,Car,14.5
5.49,46.7,Car,19.2
11.16,50.9,Car,16.1
0.86,16.8,Car,17.5
0.6,11.4,Bike,6.5
2.68,3.0,Walk,67.2
2.09,3.0,Walk,45.0
1.92,9.8,Bike,17.1
4.77,15.0,Car,24.5
5.49,21.8,Car,19.8
0.51,3.2,Walk,10.7
4.57,32.1,Car,18.1
3.48,18.4,Car,14.6
4.87,41.1,Car,12.1
9.29,35.0,Car,24.2
0.52,3.0,Walk,14.4
3.46,19.4,Car,11.3
1.57,8.3,Bike,13.3
4.55,15.0,Car,21.9
4.4,42.6,Car,12.5
1.8,19.5,Car,9.6
4.97,8.0,Bike,36.8
0.12,3.0,Walk,5.5
2.89,28.5,Car,10.7
3.95,25.9,Car,14.1
1.82,9.6,Bike,15.4
2.96,15.0,Car,17.9
1.12,43.5,Car,8.7
1.32,8.0,Bike,10.8
10.42,45.6,Car,23.2
0.35,8.0,Bike,7.2
2.63,33.0,Car,8.0
0.46,3.7,Walk,10.5
8.06,34.7,Car,25.1
6.59,10.5,Bike,42.4
1.25,15.4,Bike,6.0
3.57,13.4,Bike,23.0
0.81,3.0,Walk,23.3
8.98,16.2,Car,37.0
0.43,3.0,Walk,13.2
5.39,15.0,Car,29.0
1.54,31.5,Car,8.7
0.65,3.1,Walk,15.9
6.25,10.2,Bike,34.2
0.65,3.0,Walk,17.8
6.61,30.2,Car,15.5
0.2,3.0,Walk,7.2
3.8,8.7,Bike,32.2
1.26,34.3,Car,11.8
4.23,15.0,Car,20.4
12.06,37.0,Car,30.0
1.88,14.0,Bike,7.2
4.42,23.5,Car,16.9
5.11,21.1,Car,19.4
2.02,15.1,Car,16.8
1.62,5.2,Walk,23.8
2.76,3.6,Walk,47.3
4.78,31.6,Car,9.2
1.32,3.0,Walk,29.7
0.1,4.4,Walk,3.6
4.67,15.8,Bike,19.5
0.35,15.0,Car,9.3
1.2,4.5,Walk,16.7
7.07,35.2,Car,19.6
1.47,8.0,Bike,13.9
0.11,8.2,Bike,5.8
16.09,15.0,Car,76.3
3.73,15.0,Car,24.1
1.7,15.1,Bike,11.9
0.97,5.6,Walk,15.2
6.73,30.3,Car,16.3
9.02,15.3,Car,39.7
9.79,24.5,Car,37.8
1.46,3.3,Walk,34.1
0.11,4.3,Walk,4.1
3.0,3.6,Walk,54.0
1.73,4.0,Walk,30.7
2.31,3.0,Walk,58.7
9.21,35.7,Car,23.1
2.94,11.1,Bike,18.5
0.86,3.0,Walk,20.0
0.5,8.1,Bike,7.3
5.73,26.7,Car,16.7
7.64,30.1,Car,18.3
1.08,4.0,Walk,20.8
0.82,3.0,Walk,18.2
0.34,3.0,Walk,9.9
0.32,3.0,Walk,9.7
0.79,8.0,Bike,13.5
1.38,10.2,Bike,11.1
3.07,8.8,Bike,21.4
0.51,3.0,Walk,14.4
0.5,6.2,Walk,7.0
1.28,11.2,Bike,7.9
0.12,3.0,Walk,7.0
6.69,27.0,Car,20.7
5.11,26.6,Car,18.8
0.17,3.0,Walk,4.2
1.37,4.6,Walk,16.4
0.53,58.3,Car,1.8
2.59,15.0,Car,11.2
1.01,3.5,Walk,18.2
0.98,16.4,Bike,6.9
0.45,13.4,Bike,5.1
0.29,3.0,Walk,10.0
6.19,15.0,Car,33.5
1.34,11.3,Bike,13.5
4.38,8.2,Bike,30.2
0.99,3.5,Walk,20.0
3.89,18.7,Car,18.6
4.66,20.8,Car,15.2
2.42,23.9,Car,11.9
1.58,15.0,Car,10.4
0.1,3.0,Walk,5.9
0.18,3.0,Walk,4.6
0.87,3.3,Walk,18.4
0.39,3.2,Walk,9.2
0.23,10.4,Bike,4.8
4.23,48.2,Car,11.4
3.34,23.8,Car,15.5
0.53,11.1,Bike,4.3
11.88,15.0,Car,53.8
0.88,3.0,Walk,16.3
8.68,15.0,Car,46.5
2.26,28.0,Car,12.6
1.85,8.0,Bike,20.5
3.13,15.0,Car,23.4
0.37,3.0,Walk,11.0
5.64,30.1,Car,19.3
0.65,31.5,Car,2.6
13.67,16.4,Car,63.5
4.9,15.0,Car,29.9
1.01,4.3,Walk,13.3
9.17,21.9,Car,28.9
1.57,3.7,Walk,27.3
5.97,33.8,Car,12.1
3.59,12.3,Bike,19.6
2.8,20.5,Car,16.4
3.05,49.5,Car,16.7
0.1,3.8,Walk,5.6
0.1,3.0,Walk,3.5
5.65,24.6,Car,12.8
8.95,21.9,Car,36.6
3.24,15.4,Car,21.0
7.62,23.3,Car,26.5
4.48,40.0,Car,9.3
10.73,77.5,Car,19.7
0.42,4.9,Walk,6.2
0.28,3.0,Walk,8.3
6.05,30.3,Car,17.0
0.1,3.5,Walk,5.4
6.52,15.0,Car,28.8
0.32,8.9,Bike,4.7
0.73,15.0,Car,8.8
0.97,3.0,Walk,23.2
6.06,46.7,Car,16.3
1.08,8.0,Bike,13.8
1.47,4.0,Walk,22.9
0.83,5.1,Walk,12.8
4.42,15.0,Car,25.2
2.49,8.0,Bike,19.8
3.74,21.4,Car,15.7
1.0,32.4,Car,15.8
0.56,18.8,Bike,3.3
1.88,8.6,Bike,14.9
0.1,3.0,Walk,6.6
2.49,3.2,Walk,45.6
1.93,3.1,Walk,42.3
0.87,9.7,Bike,7.0
6.95,8.0,Bike,60.4
3.34,35.0,Car,13.4
1.65,9.5,Bike,14.0
0.18,10.5,Bike,2.8
4.01,44.5,Car,9.0
8.15,39.9,Car,13.2
0.1,3.0,Walk,3.5
7.0,8.0,Bike,58.2
0.86,9.0,Bike,8.2
11.08,20.5,Car,40.3
4.65,24.8,Car,14.4
6.09,31.2,Car,20.4
0.74,3.6,Walk,14.1
0.58,10.0,Bike,7.3
4.24,33.3,Car,10.0
5.49,42.3,Car,16.7
15.85,27.3,Car,43.6
0.83,3.0,Walk,19.7
7.31,27.5,Car,22.0
7.6,34.9,Car,18.2
3.66,17.2,Car,16.6
0.67,3.0,Walk,15.7
3.79,29.8,Car,7.8
0.76,15.7,Bike,3.8
4.37,34.6,Car,9.4
2.96,17.4,Car,15.1
8.2,30.4,Car,25.3
5.83,36.2,Car,13.0
9.44,28.4,Car,33.2
0.59,3.0,Walk,17.0
12.23,32.4,Car,21.6
0.71,9.9,Bike,6.3
2.33,3.0,Walk,47.4
0.38,3.3,Walk,9.3
4.86,23.7,Car,24.0
1.75,3.0,Walk,34.1
1.66,20.8,Car,6.2
3.0,30.0,Car,14.2
13.71,15.0,Car,51.5
3.22,15.0,Car,15.7
1.71,18.5,Bike,10.0
4.62,21.6,Car,16.6
1.17,8.8,Bike,8.4
0.9,3.5,Walk,16.8
0.36,3.2,Walk,7.6
0.7,11.0,Bike,9.4
3.33,8.0,Bike,33.9
3.0,3.6,Walk,49.4
4.13,13.4,Bike,23.3
0.13,3.2,Walk,3.8
6.43,19.3,Car,18.9
0.47,3.0,Walk,9.8
9.91,65.3,Car,15.5
15.25,37.7,Car,33.2
6.92,19.2,Car,29.4
5.68,18.3,Car,31.3
3.57,15.0,Car,22.1
0.49,15.7,Car,5.1
0.29,3.7,Walk,6.3
3.8,22.5,Car,14.5
2.09,15.0,Car,9.8
2.04,30.3,Car,8.8
0.1,3.0,Walk,4.6
3.07,9.7,Bike,23.0
2.67,15.0,Car,17.1
9.82,15.0,Car,45.5
0.7,11.7,Bike,6.8
4.81,16.2,Car,22.1
5.67,23.4,Car,23.5
0.55,4.3,Walk,10.2
0.43,5.3,Walk,8.3
8.0,9.0,Bike,63.8
25.0,36.1,Car,38.8
2.65,41.0,Car,9.7
1.06,19.8,Car,3.6
1.05,10.0,Bike,8.1
12.4,52.3,Car,16.6
0.73,10.0,Bike,4.8
2.0,3.6,Walk,29.3
10.9,46.5,Car,18.0
1.98,8.0,Bike,17.8
1.98,15.0,Car,12.0
0.82,4.4,Walk,12.1
2.99,15.0,Car,23.3
1.57,15.0,Car,11.0
10.04,33.9,Car,18.3
5.78,15.0,Car,30.1
1.41,37.4,Car,4.6
11.09,26.2,Car,25.9
5.75,27.7,Car,14.2
0.35,25.3,Car,8.8
0.48,3.2,Walk,10.9
0.73,9.8,Bike,10.7
1.02,45.9,Car,3.4
0.19,3.0,Walk,6.5
0.96,8.9,Bike,8.1
5.55,15.0,Car,25.1
1.28,36.0,Car,7.7
4.09,19.7,Car,25.9
4.9,15.0,Car,22.5
1.04,14.4,Bike,8.1
0.79,3.0,Walk,22.1
1.16,19.9,Car,7.6
0.88,3.6,Walk,18.3
3.76,33.1,Car,8.9
0.64,3.0,Walk,16.3
7.03,25.2,Car,20.0
0.78,12.3,Bike,5.9
0.49,3.3,Walk,11.2
0.34,3.3,Walk,10.4
0.47,4.2,Walk,9.6
5.56,16.6,Car,30.2
7.84,38.7,Car,23.3
3.29,30.8,Car,11.9
4.9,12.2,Bike,26.9
0.34,12.9,Bike,4.7
0.1,3.0,Walk,5.0
1.68,3.0,Walk,34.4
0.22,3.0,Walk,7.7
0.46,4.4,Walk,10.5
1.05,18.9,Car,5.1
8.45,39.2,Car,19.4
1.19,3.0,Walk,30.2
0.64,3.0,Walk,14.1
1.3,4.2,Walk,20.6
6.63,45.0,Car,14.8
1.24,13.2,Bike,8.7
0.44,3.0,Walk,12.4
1.42,13.1,Bike,12.3
10.65,45.4,Car,17.0
2.11,11.0,Bike,13.5
0.5,17.1,Bike,4.6
1.08,3.0,Walk,23.9
1.06,9.4,Bike,11.7
0.45,15.0,Car,3.5
0.11,4.7,Walk,2.0
2.48,15.0,Car,15.8
1.62,15.1,Car,10.7
1.81,15.0,Car,22.1
2.81,17.5,Car,16.5
0.77,9.1,Bike,7.7
2.97,23.6,Car,13.0
2.26,15.0,Car,17.6
11.06,15.0,Car,51.5
0.1,3.0,Walk,3.9
4.34,18.6,Car,22.0
0.16,10.2,Bike,5.7
13.34,52.6,Car,18.7
0.1,12.5,Bike,1.8
4.37,51.6,Car,6.1
5.83,19.6,Car,16.6
4.88,18.4,Car,22.8
1.0,4.6,Walk,18.3
1.97,31.6,Car,6.2
0.71,16.9,Bike,6.8
0.7,4.3,Walk,13.0
0.39,3.0,Walk,12.4
0.99,13.5,Bike,8.9
3.0,4.1,Walk,38.8
0.18,3.0,Walk,4.6
1.88,17.3,Car,15.2
0.18,4.3,Walk,2.8
14.43,15.0,Car,67.1
0.47,3.0,Walk,8.1
4.09,28.0,Car,12.4
6.61,19.2,Car,30.2
1.31,13.0,Bike,9.6
0.14,4.1,Walk,2.0
12.37,32.7,Car,23.3
0.78,9.5,Bike,7.5
0.36,4.1,Walk,5.3
8.15,38.3,Car,21.0
0.1,3.6,Walk,4.5
21.63,31.0,Car,42.6
3.65,18.4,Bike,16.8
1.07,14.6,Bike,9.5
4.11,14.3,Bike,19.6
0.24,3.0,Walk,7.5
2.42,32.5,Car,14.8
2.92,3.0,Walk,60.5
7.6,25.9,Car,35.3
9.56,15.0,Car,44.9
1.57,3.0,Walk,29.9
7.88,15.0,Car,25.7
1.31,8.0,Bike,12.3
0.3,12.3,Bike,5.4
0.6,3.0,Walk,13.4
3.19,14.4,Bike,21.0
0.13,5.0,Walk,5.0
9.7,37.9,Car,25.4
11.26,40.7,Car,20.1
10.07,31.6,Car,23.7
0.12,3.0,Walk,7.3
0.1,3.0,Walk,4.3
1.44,33.4,Car,6.5
3.62,15.0,Car,23.4
0.44,18.6,Car,4.9
0.22,9.7,Bike,7.2
0.15,3.4,Walk,4.8
0.67,3.6,Walk,12.9
5.42,12.1,Bike,27.3
0.87,14.4,Bike,6.1
0.25,3.0,Walk,6.3
2.11,38.1,Car,5.3
3.5,15.0,Car,24.8
1.6,3.1,Walk,28.0
3.0,3.0,Walk,69.3
0.15,3.0,Walk,4.5
0.78,8.0,Bike,10.6
6.65,27.2,Car,22.7
6.84,15.0,Car,45.9
3.03,17.6,Bike,16.0
11.12,35.3,Car,20.1
2.0,15.0,Car,8.7
5.43,28.1,Car,18.3
15.96,15.0,Car,65.6
0.38,3.0,Walk,8.4
5.56,30.3,Car,15.5
10.25,38.0,Car,17.8
23.4,47.3,Car,34.9
0.55,3.0,Walk,16.8
4.26,15.0,Car,28.0
1.11,8.0,Bike,12.1
2.98,31.4,Car,9.8
0.42,11.7,Bike,7.3
0.1,10.3,Bike,3.2
0.53,3.5,Walk,11.2
1.99,18.7,Car,12.9
7.6,35.6,Car,20.5
8.81,23.1,Car,26.5
3.71,15.0,Car,16.0
0.75,4.7,Walk,10.4
1.12,3.6,Walk,20.7
0.18,3.0,Walk,5.1
12.9,17.9,Car,55.3
3.1,51.2,Car,6.2
0.1,4.1,Walk,2.3
1.41,26.8,Car,19.0
0.27,3.0,Walk,7.4
0.1,8.2,Bike,4.0
1.56,3.0,Walk,35.1
0.28,10.2,Bike,3.7
8.77,15.0,Car,47.6
3.89,15.0,Car,18.6
4.84,19.9,Car,19.3
3.12,27.4,Car,11.4
0.11,9.0,Bike,8.5
0.14,4.8,Walk,3.5
8.27,22.8,Car,32.4
0.85,8.2,Bike,9.3
2.13,3.0,Walk,41.3
6.17,23.8,Car,18.3
6.2,54.6,Car,5.5
0.4,3.0,Walk,11.5
7.15,23.0,Car,22.9
0.4,11.4,Bike,5.7
13.99,26.7,Car,38.6
5.46,33.1,Car,23.5
8.32,15.0,Car,45.7
3.15,33.5,Car,9.3
1.93,10.1,Bike,16.0
0.96,33.8,Car,8.8
13.98,22.0,Car,43.7
3.09,15.3,Car,13.6
17.44,31.3,Car,43.9
2.35,25.8,Car,15.1
0.3,46.4,Car,5.8
0.1,3.0,Walk,5.2
1.07,4.1,Walk,13.7
4.23,11.0,Bike,29.7
1.85,15.0,Car,10.8
5.4,54.5,Car,6.3
1.6,15.0,Car,15.6
13.99,33.8,Car,29.0
0.42,27.9,Car,8.0
0.74,3.0,Walk,16.2
11.37,22.6,Car,33.2
0.29,5.5,Walk,6.0
12.9,15.8,Car,53.4
14.64,39.0,Car,26.7
0.1,3.9,Walk,3.7
6.43,15.0,Car,25.7
2.55,8.0,Bike,22.7
3.72,39.6,Car,7.1
2.96,19.0,Car,15.7
5.37,34.1,Car,11.6
0.33,4.8,Walk,7.6
14.44,25.8,Car,43.1
1.3,34.2,Car,19.3
1.8,25.2,Car,4.5
2.68,13.0,Bike,13.9
3.42,27.1,Car,11.4
1.01,4.7,Walk,16.3
0.22,3.3,Walk,8.7
0.42,3.1,Walk,10.6
8.28,15.0,Car,44.0
0.87,11.7,Bike,8.9
5.41,21.6,Car,24.5
6.74,30.3,Car,17.1
0.18,3.3,Walk,7.6
4.18,28.6,Car,22.6
17.7,32.3,Car,31.0
2.98,25.4,Car,21.7
1.35,20.2,Car,10.4
6.34,15.1,Car,37.7
2.26,8.1,Bike,16.5
0.1,3.6,Walk,3.7
7.81,23.0,Car,24.6
4.84,18.2,Car,24.7
0.58,8.0,Bike,7.4
0.47,3.0,Walk,12.2
11.97,20.9,Car,51.1
7.84,15.0,Car,32.9
2.75,31.9,Car,8.7
2.98,18.9,Car,14.3
0.1,8.1,Bike,2.6
1.65,13.2,Bike,10.9
2.05,14.9,Bike,12.5
1.98,28.7,Car,19.0
0.74,3.0,Walk,14.8
0.1,8.0,Bike,3.4
1.96,26.8,Car,4.4
0.1,11.7,Bike,2.1
1.24,23.9,Car,7.5
0.1,11.4,Bike,2.8
0.21,3.0,Walk,4.1
1.46,8.0,Bike,17.4
1.02,23.9,Car,5.0
0.74,8.3,Bike,11.5
10.32,23.5,Car,46.0
3.52,12.9,Bike,20.0
1.93,16.4,Bike,10.7
8.93,16.6,Car,37.3
5.47,36.8,Car,15.4
13.3,22.7,Car,36.7
7.64,15.6,Car,35.7
3.08,13.0,Bike,16.9
3.89,31.5,Car,16.9
2.72,33.7,Car,11.9
1.12,4.9,Walk,16.3
2.24,20.0,Car,14.5
3.13,20.1,Car,9.9
4.38,18.7,Car,24.4
8.37,21.5,Car,23.3
5.14,23.2,Car,19.3
0.6,4.4,Walk,8.7
0.51,3.8,Walk,11.5
2.82,15.0,Car,14.2
1.35,3.0,Walk,30.4
0.34,3.0,Walk,8.1
1.47,8.0,Bike,16.0
9.41,29.4,Car,25.5
5.71,23.3,Car,17.9
0.58,17.7,Bike,5.5
0.1,3.0,Walk,4.3
0.2,8.0,Bike,1.5
0.16,3.0,Walk,7.8
1.9,13.4,Bike,10.5
0.14,3.0,Walk,4.2
0.1,3.0,Walk,6.0
2.48,3.0,Walk,54.5
3.0,12.1,Bike,19.1
0.34,13.2,Bike,4.4
0.74,3.0,Walk,18.3
0.39,3.5,Walk,7.6
0.48,8.0,Bike,9.2
1.09,3.0,Walk,26.0
3.16,15.0,Car,13.7
2.21,3.8,Walk,34.4
1.75,3.0,Walk,39.7
0.13,8.0,Bike,1.5
1.14,47.6,Car,6.0
2.72,10.8,Bike,20.4
10.36,15.8,Car,60.7
0.42,4.8,Walk,8.2
2.6,25.1,Car,16.0
0.11,3.2,Walk,4.9
2.33,11.2,Bike,13.3
0.1,3.0,Walk,3.3
0.83,8.0,Bike,9.3
0.1,16.4,Bike,1.0
5.49,49.6,Car,20.8
1.06,8.0,Bike,12.7
0.48,3.9,Walk,11.0
2.72,3.0,Walk,57.7
0.39,8.0,Bike,6.6
2.98,15.0,Car,16.1
0.1,8.0,Bike,3.3
1.67,10.0,Bike,16.2
0.1,18.3,Bike,5.7
4.68,13.5,Bike,26.8
3.48,10.2,Bike,21.9
3.4,24.0,Car,14.4
3.0,3.0,Walk,61.9
7.45,34.3,Car,15.3
4.7,15.0,Car,26.8
11.6,15.0,Car,52.9
0.8,3.0,Walk,17.7
9.39,15.0,Car,43.4
1.23,15.0,Car,8.5
6.78,34.8,Car,16.5
5.83,18.3,Car,23.7
0.12,4.1,Walk,2.8
3.34,22.3,Car,21.5
0.57,3.0,Walk,11.5
4.27,15.0,Car,21.7
0.76,3.4,Walk,16.0
3.0,4.8,Walk,42.7
1.93,13.9,Bike,12.6
7.17,34.2,Car,19.7
6.38,20.2,Car,24.4
2.99,46.5,Car,14.8
0.53,15.0,Car,6.5
0.63,9.4,Bike,5.4
1.05,3.0,Walk,23.3
0.11,3.0,Walk,4.0
5.9,32.6,Car,17.4
0.1,3.0,Walk,6.6
13.09,33.5,Car,20.1
4.44,68.9,Car,7.8
0.1,3.0,Walk,4.1
0.1,3.2,Walk,3.3
0.59,8.0,Bike,7.0
7.94,22.8,Car,27.1
0.1,4.8,Walk,1.8
1.19,5.1,Walk,18.0
7.87,24.8,Car,27.9
0.41,3.3,Walk,9.4
2.84,15.5,Bike,12.5
0.1,3.0,Walk,5.8
2.6,38.8,Car,12.2
3.88,15.0,Bike,22.3
1.66,14.1,Bike,9.5
1.75,18.7,Car,6.7
1.63,3.0,Walk,37.9
7.9,15.0,Car,41.1
8.21,34.1,Car,24.8
3.23,26.5,Car,12.5
11.02,29.2,Car,27.8
2.16,3.0,Walk,41.1
4.64,29.6,Car,18.3
0.61,3.9,Walk,12.6
16.5,58.1,Car,17.4
10.02,19.0,Car,39.3
0.49,3.0,Walk,12.7
3.4,13.4,Bike,15.0
5.88,30.9,Car,24.8
0.57,3.0,Walk,14.7
3.03,30.6,Car,11.7
5.35,14.3,Bike,22.5
4.84,11.8,Bike,29.8
4.43,8.4,Bike,35.8
10.08,18.5,Car,42.4
0.7,9.2,Bike,6.8
6.36,23.9,Car,17.3
5.45,42.3,Car,13.0
2.76,48.5,Car,8.3
0.25,3.0,Walk,5.9
9.82,19.3,Car,38.6
1.04,4.1,Walk,17.0
0.1,4.1,Walk,4.2
8.29,25.5,Car,28.7
5.57,23.9,Car,17.1
3.98,19.7,Car,25.4
1.55,15.0,Car,7.1
0.39,8.0,Bike,3.9
13.28,15.0,Car,52.3
1.02,37.8,Car,11.2
12.47,15.0,Car,49.4
0.78,8.0,Bike,9.0
5.05,34.8,Car,15.1
0.1,4.0,Walk,1.7
4.01,15.0,Car,26.9
0.85,15.5,Bike,7.3
0.1,3.9,Walk,2.6
4.51,29.6,Car,17.6
0.5,23.1,Car,4.9
1.67,3.0,Walk,34.7
1.38,3.9,Walk,21.0
1.74,36.7,Car,8.3
0.82,8.0,Bike,11.8
2.64,3.5,Walk,41.4
0.92,32.9,Car,4.7
1.23,26.9,Car,8.1
12.34,53.1,Car,25.0
9.25,28.6,Car,28.5
0.36,3.0,Walk,8.6
3.01,24.6,Car,13.5
1.97,42.9,Car,9.1
8.36,20.6,Car,29.2
1.43,10.5,Bike,9.2
0.88,60.7,Car,4.6
2.38,57.3,Car,3.3
1.53,15.0,Car,14.5
0.13,3.0,Walk,10.4
8.58,27.8,Car,24.0
0.81,4.4,Walk,12.2
6.3,21.7,Car,27.7
0.1,12.2,Bike,3.3
0.36,3.0,Walk,10.6
4.19,11.6,Bike,25.7
0.76,13.9,Bike,6.6
1.52,8.0,Bike,14.4
0.1,3.4,Walk,3.2
8.0,11.4,Bike,44.3
20.92,15.0,Car,104.6
4.23,31.6,Car,11.8
1.27,3.0,Walk,29.1
5.73,22.8,Car,16.5
0.54,4.2,Walk,9.0
0.17,13.1,Bike,6.1
0.36,9.6,Bike,9.3
14.49,26.8,Car,39.1
1.92,49.3,Car,6.8
1.0,3.0,Walk,23.3
0.83,8.0,Bike,6.5
17.32,27.3,Car,38.9
5.59,8.0,Bike,45.8
8.14,34.4,Car,21.9
1.61,11.9,Bike,14.3
1.54,15.0,Car,13.4
2.98,11.4,Bike,21.0
0.63,3.0,Walk,14.2
3.33,31.7,Car,11.0
2.18,3.0,Walk,48.7
4.21,18.4,Car,21.0
2.19,10.7,Bike,16.4
2.58,20.0,Car,16.9
13.36,22.4,Car,44.3
1.59,15.0,Car,7.0
0.11,8.0,Bike,4.0
1.82,8.2,Bike,10.8
3.43,28.3,Car,16.9
1.81,25.5,Car,7.3
0.27,4.8,Walk,5.4
3.23,27.8,Car,12.7
0.2,3.3,Walk,6.7
0.33,3.0,Walk,8.8
1.03,34.4,Car,9.7
2.76,17.4,Bike,13.1
13.32,28.4,Car,29.9
0.33,3.6,Walk,7.9
0.86,10.5,Bike,7.8
2.7,3.0,Walk,52.4
2.81,10.7,Bike,20.9
0.1,3.0,Walk,4.1
3.72,8.0,Bike,27.1
7.45,25.4,Car,33.5
2.54,8.0,Bike,24.0
13.93,57.2,Car,19.5
6.2,18.4,Car,23.8
11.34,35.9,Car,20.3
1.58,9.0,Bike,12.1
8.0,8.0,Bike,64.8
1.89,22.4,Car,10.8
0.38,3.0,Walk,7.4
0.66,5.8,Walk,8.7
0.5,17.1,Car,11.1
24.73,45.6,Car,39.0
0.61,3.0,Walk,13.7
0.1,3.0,Walk,4.0
7.38,53.0,Car,11.3
2.76,8.0,Bike,26.6
0.69,15.5,Bike,7.7
2.38,12.9,Bike,14.1
9.36,39.6,Car,18.6
5.43,14.6,Bike,28.8
1.11,11.3,Bike,10.4
0.18,3.0,Walk,6.1
0.28,3.4,Walk,6.5
0.34,4.1,Walk,7.3
5.4,31.3,Car,12.2
7.43,55.0,Car,10.5
0.71,15.0,Car,11.5
5.03,56.2,Car,5.3
1.71,18.8,Car,18.6
0.14,3.7,Walk,2.3
4.68,36.3,Car,13.1
9.19,29.7,Car,23.4
8.57,42.5,Car,14.6
5.76,20.8,Car,20.9
0.98,8.0,Bike,12.6
5.23,23.7,Car,28.3
0.34,3.0,Walk,11.0
0.54,3.0,Walk,12.5
0.1,4.0,Walk,3.2
1.35,3.0,Walk,31.4
3.34,15.0,Car,18.1
0.64,3.8,Walk,11.3
1.82,12.8,Bike,10.5
5.29,40.9,Car,11.4
4.98,28.6,Car,16.8
0.39,5.3,Walk,8.1
15.78,20.5,Car,50.9
3.0,4.0,Walk,50.1
8.15,27.7,Car,22.1
13.86,15.8,Car,65.1
3.25,21.8,Car,14.4
0.68,8.1,Bike,8.1
4.49,15.0,Car,18.1
11.21,16.9,Car,34.8
5.98,31.8,Car,14.8
6.91,50.4,Car,9.4
4.62,23.1,Car,22.2
5.43,15.0,Car,29.8
2.96,50.8,Car,9.5
11.17,64.3,Car,15.1
16.84,15.0,Car,79.9
3.0,3.0,Walk,66.0
0.1,3.0,Walk,4.5
0.52,3.0,Walk,11.9
0.4,3.0,Walk,10.3
0.68,8.0,Bike,7.5
0.97,8.0,Bike,7.7
1.23,3.0,Walk,36.5
0.85,3.0,Walk,16.1
6.82,20.1,Car,24.6
6.43,32.9,Car,18.3
4.36,33.4,Car,21.0
2.03,34.4,Car,8.9
0.4,3.0,Walk,9.4
0.94,8.0,Bike,9.2
8.07,18.0,Car,27.0
13.9,40.5,Car,23.7
5.4,15.0,Car,22.2
4.61,28.1,Car,9.3
1.45,13.0,Bike,9.2
3.68,42.5,Car,13.9
0.96,36.2,Car,4.2
3.0,32.6,Car,11.0
7.18,18.5,Car,36.9
0.47,3.2,Walk,10.6
3.0,3.0,Walk,61.4
3.43,18.8,Car,14.4
2.88,32.2,Car,8.2
5.77,9.5,Bike,46.7
1.91,9.3,Bike,12.8
0.1,3.2,Walk,6.2
0.63,19.7,Bike,6.2
0.94,9.4,Bike,10.7
3.31,31.1,Car,17.5
2.14,27.8,Car,10.9
0.23,3.3,Walk,4.2
2.28,15.6,Bike,11.1
8.49,15.0,Car,37.2
3.0,3.0,Walk,67.8
0.21,3.6,Walk,3.7
6.96,42.1,Car,22.2
0.43,5.1,Walk,6.7
3.9,8.0,Bike,31.0
1.03,8.0,Bike,11.1
0.4,3.0,Walk,9.4
10.43,22.4,Car,33.8
0.3,3.6,Walk,9.6
0.39,4.0,Walk,7.5
0.74,3.2,Walk,16.7
4.13,13.2,Bike,20.5
18.34,44.1,Car,29.4
0.88,15.0,Car,3.2
3.47,43.8,Car,4.0
1.06,3.1,Walk,24.3
6.57,15.0,Car,37.8
3.73,19.2,Car,26.1
2.13,14.4,Bike,11.2
0.48,3.0,Walk,13.3
9.37,15.0,Car,37.0
6.18,15.0,Car,31.3
10.95,31.5,Car,37.0
3.0,3.2,Walk,54.7
0.62,3.0,Walk,17.4
3.53,47.5,Car,7.7
13.74,15.7,Car,50.2
1.85,38.3,Car,8.4
0.44,17.3,Bike,5.9
2.18,8.6,Bike,11.2
1.65,9.3,Bike,18.1
0.1,3.5,Walk,3.2
14.05,15.0,Car,56.0
2.37,3.0,Walk,54.7
9.83,15.0,Car,44.3
0.98,3.3,Walk,20.5
4.1,9.4,Bike,33.8
0.29,3.0,Walk,7.5
7.26,38.1,Car,12.8
0.8,4.0,Walk,14.8
6.87,26.8,Car,23.1
0.83,8.0,Bike,12.4
1.02,3.0,Walk,24.1
2.38,26.8,Car,10.9
0.1,12.4,Bike,5.5
3.76,20.5,Car,17.2
0.1,3.6,Walk,1.6
6.28,24.7,Car,22.6
0.23,4.5,Walk,6.3
5.68,21.9,Car,23.3
2.49,24.0,Car,9.4
0.15,8.0,Bike,3.4
0.75,3.1,Walk,16.8
0.83,3.1,Walk,19.8
0.44,4.0,Walk,8.7
0.1,3.7,Walk,5.8
4.1,15.0,Car,26.3
2.91,14.5,Bike,17.6
0.1,4.2,Walk,2.3
15.43,17.5,Car,66.9
2.27,10.1,Bike,14.3
7.22,35.0,Car,19.7
0.11,21.9,Bike,1.0
8.58,23.1,Car,25.7
5.38,18.4,Car,25.1
0.54,3.7,Walk,9.3
0.8,15.2,Bike,9.3
4.31,9.8,Bike,34.7
4.68,25.1,Car,18.4
0.69,3.7,Walk,15.7
6.17,33.6,Car,16.8
9.5,18.5,Car,46.9
3.91,18.9,Car,15.9
0.53,3.0,Walk,12.6
0.34,3.0,Walk,7.8
1.1,3.3,Walk,27.4
0.74,15.0,Car,15.4
0.52,3.8,Walk,7.8
13.21,15.0,Car,68.3
2.11,12.9,Bike,14.5
1.31,4.4,Walk,18.1
0.24,5.8,Walk,4.4
2.52,8.0,Bike,25.1
5.43,22.4,Car,19.6
1.98,50.5,Car,21.1
5.6,40.0,Car,8.3
0.44,3.1,Walk,12.6
6.39,22.4,Car,23.8
0.41,15.0,Car,8.3
1.24,4.2,Walk,20.6
0.75,3.5,Walk,14.1
1.35,41.5,Car,9.4
0.32,4.2,Walk,7.0
10.66,40.2,Car,29.4
0.55,9.8,Bike,5.9
1.44,22.7,Car,6.3
1.58,32.6,Car,4.2
4.37,25.6,Car,9.9
3.74,12.8,Bike,18.9
9.17,32.9,Car,27.8
1.83,4.2,Walk,26.1
10.24,50.7,Car,15.6
0.35,3.9,Walk,7.1
5.27,30.6,Car,14.5
1.82,15.0,Car,20.6
6.51,23.3,Car,23.7
11.18,26.9,Car,28.0
1.72,10.4,Bike,13.6
1.72,4.4,Walk,26.2
1.19,10.0,Bike,10.6
5.9,35.6,Car,11.5
0.22,3.3,Walk,6.9
1.93,3.7,Walk,33.1
0.69,4.0,Walk,12.5
0.35,10.8,Bike,9.9
3.0,38.8,Car,8.8
5.72,30.4,Car,23.4
2.44,46.0,Car,12.4
0.87,5.0,Walk,11.0
7.04,15.0,Car,32.3
10.71,24.1,Car,28.9
6.15,51.3,Car,12.1
5.4,15.0,Car,28.2
2.69,32.5,Car,10.6
5.73,10.9,Bike,34.8
2.33,3.7,Walk,40.9
12.91,44.7,Car,25.8
0.31,3.0,Walk,11.3
12.75,37.4,Car,25.9
11.1,43.3,Car,21.1
4.87,32.7,Car,21.4
1.48,6.1,Walk,20.6
7.02,15.0,Car,31.1
6.58,24.4,Car,21.6
3.95,11.0,Bike,23.5
1.35,3.4,Walk,24.5
0.14,3.3,Walk,4.1
1.54,22.4,Car,8.6
0.19,33.4,Car,2.9
11.72,71.5,Car,14.9
0.1,3.0,Walk,3.6
7.08,8.1,Bike,51.0
4.41,36.0,Car,15.2
2.84,15.0,Car,18.4
1.48,56.5,Car,7.4
0.35,8.6,Bike,8.4
0.73,8.0,Bike,12.4
2.32,38.1,Car,5.1
0.83,11.5,Bike,4.9
4.8,20.0,Car,23.1
2.04,21.8,Car,17.1
1.45,4.0,Walk,24.8
4.05,8.4,Bike,30.7
3.0,3.0,Walk,52.2
0.88,11.1,Bike,10.2
3.0,4.4,Walk,37.1
0.78,38.0,Car,12.4
0.64,8.1,Bike,11.2
0.91,4.7,Walk,9.6
3.37,15.0,Car,23.5
4.35,34.0,Car,13.3
4.99,19.7,Car,19.8
8.0,8.0,Bike,64.7
0.75,27.7,Car,6.2
1.07,8.0,Bike,10.7
0.93,4.3,Walk,15.3
0.13,14.2,Bike,4.3
0.26,3.0,Walk,7.7
5.9,26.8,Car,20.6
0.77,3.0,Walk,18.1
0.55,44.3,Car,4.1
0.49,4.5,Walk,6.5
9.6,16.7,Car,45.1
1.54,14.9,Bike,6.8
0.29,3.0,Walk,9.6
8.84,23.6,Car,29.6
5.49,35.2,Car,16.1
5.68,18.8,Car,22.5
3.29,19.1,Car,13.3
6.84,27.6,Car,18.1
10.68,19.5,Car,43.1
0.18,3.0,Walk,6.5
9.79,36.1,Car,24.5
8.68,28.0,Car,20.7
0.1,4.0,Walk,4.4
7.61,33.8,Car,17.3
2.65,22.4,Car,21.4
8.0,8.0,Bike,78.9
3.49,12.9,Bike,21.0
7.91,21.4,Car,25.2
1.24,8.5,Bike,12.3
6.53,33.2,Car,16.2
3.93,34.9,Car,13.1
4.2,15.4,Bike,23.5
0.33,4.4,Walk,7.0
0.1,17.1,Bike,3.6
0.1,3.5,Walk,5.2
8.83,29.1,Car,24.3
3.71,8.0,Bike,26.8
3.8,41.3,Car,22.6
2.39,15.0,Car,20.7
2.85,13.0,Bike,11.7
3.63,24.9,Car,10.0
12.65,18.1,Car,41.5
2.0,20.5,Car,6.2
11.61,17.1,Car,48.1
16.35,25.1,Car,51.2
9.24,46.8,Car,15.7
6.05,22.7,Car,20.4
2.08,3.0,Walk,43.9
2.11,10.1,Bike,16.6
4.96,29.6,Car,18.7
0.62,4.3,Walk,11.4
0.6,3.3,Walk,13.8
2.92,27.9,Car,11.6
0.59,19.2,Bike,4.5
0.13,3.0,Walk,6.3
13.68,25.2,Car,43.8
0.15,4.5,Walk,3.5
1.21,8.0,Bike,12.3
1.76,12.3,Bike,15.3
0.1,3.0,Walk,2.6
1.01,10.4,Bike,10.3
5.24,26.2,Car,13.0
1.8,23.9,Car,11.7
0.93,15.0,Car,9.3
5.72,24.5,Car,12.2
0.25,3.3,Walk,7.4
3.39,64.0,Car,10.6
0.18,3.0,Walk,8.9
0.1,15.1,Bike,2.8
1.42,14.6,Bike,10.4
10.13,33.9,Car,26.1
6.47,35.9,Car,18.0
4.07,14.5,Bike,15.0
9.45,15.0,Car,33.0
4.42,15.0,Car,24.8
0.66,3.0,Walk,14.1
4.3,25.4,Car,12.7
11.75,21.1,Car,37.0
1.03,3.0,Walk,23.8
2.58,16.7,Bike,13.2
2.62,16.7,Car,19.1
3.58,17.6,Car,18.4
8.39,55.7,Car,8.6
16.97,15.8,Car,65.5
0.1,4.2,Walk,5.2
7.27,39.0,Car,17.1
0.1,3.6,Walk,2.3
6.26,15.0,Car,25.1
5.5,44.6,Car,17.1
5.54,15.0,Car,36.1
1.38,3.0,Walk,28.0
6.42,15.0,Car,34.7
0.54,3.2,Walk,11.8
7.89,39.2,Car,17.8
7.39,32.0,Car,19.7
0.17,3.0,Walk,6.8
0.41,3.2,Walk,7.8
0.43,3.3,Walk,10.7
3.23,29.9,Car,10.9
0.24,3.0,Walk,8.1
1.21,34.5,Car,10.7
1.02,3.6,Walk,20.9
0.61,9.3,Bike,7.0
9.05,15.0,Car,45.7
7.24,54.0,Car,12.0
1.76,15.0,Car,9.3
7.2,18.2,Car,24.3
3.28,8.0,Bike,26.6
0.41,8.0,Bike,8.0
14.14,31.2,Car,34.9
3.33,32.3,Car,15.7
1.53,8.0,Bike,16.1
4.25,29.1,Car,19.2
18.54,22.8,Car,62.8
7.03,15.0,Car,29.6
0.32,3.0,Walk,6.9
1.13,3.0,Walk,21.3
9.56,22.2,Car,29.4
3.14,17.4,Bike,13.7
2.88,44.2,Car,8.8
3.73,30.3,Car,13.8
0.27,4.2,Walk,6.3
3.71,15.0,Car,22.6
3.72,31.6,Car,11.9
0.15,4.0,Walk,3.4
6.07,19.7,Car,31.3
10.75,15.0,Car,45.6
3.89,16.8,Car,19.3
2.62,35.2,Car,16.4
11.42,40.2,Car,22.6
0.1,14.4,Bike,5.3
0.26,3.2,Walk,5.6
10.89,24.5,Car,30.8
1.32,3.0,Walk,28.9
13.12,32.7,Car,30.7
0.36,3.0,Walk,8.2
3.18,8.5,Bike,26.8
1.93,53.7,Car,12.6
0.92,12.0,Bike,7.4
3.37,15.0,Car,13.6
0.41,3.0,Walk,12.5
0.75,3.0,Walk,18.1
0.43,4.6,Walk,7.9
1.43,3.7,Walk,27.4
3.6,9.7,Bike,24.4
3.31,23.3,Car,18.4
0.89,8.0,Bike,11.7
2.38,19.6,Car,14.3
10.38,73.4,Car,17.1
8.8,58.5,Car,12.5
0.45,25.6,Car,1.1
5.67,51.9,Car,11.7
2.6,15.5,Bike,14.1
16.67,17.6,Car,64.1
7.19,40.8,Car,20.9
4.33,28.1,Car,9.8
11.29,15.0,Car,47.6
0.85,15.0,Car,11.2
4.47,8.0,Bike,42.6
3.91,26.3,Car,12.6
6.38,48.5,Car,24.5
6.4,55.0,Car,8.3
0.4,4.8,Walk,6.8
1.43,3.0,Walk,33.6
0.1,3.0,Walk,7.4
5.92,15.0,Car,38.1
5.76,15.0,Car,32.5
1.01,3.0,Walk,21.2
2.93,3.0,Walk,69.5
0.99,13.2,Bike,7.8
0.51,3.5,Walk,10.8
3.73,70.4,Car,6.4
7.76,15.0,Car,43.6
0.22,4.8,Walk,6.2
7.01,45.8,Car,14.1
0.33,6.1,Walk,4.5
7.7,23.6,Car,22.4
8.74,36.2,Car,22.7
12.39,26.0,Car,31.6
9.32,24.2,Car,26.9
2.28,40.2,Car,10.7
2.91,24.5,Car,14.4
9.3,26.7,Car,31.1
11.01,18.4,Car,40.7
2.34,16.1,Car,14.3
0.45,3.0,Walk,13.2
7.65,26.3,Car,21.7
0.47,14.5,Bike,5.2
2.54,27.0,Car,6.3
9.03,52.1,Car,16.5
3.74,32.3,Car,12.7
2.1,15.0,Car,13.0
2.21,16.4,Car,15.2
6.07,22.0,Car,27.5
0.77,4.2,Walk,12.8
1.9,13.2,Bike,14.1
0.95,3.0,Walk,19.1
0.18,3.6,Walk,5.1
0.52,5.7,Walk,8.9
4.14,21.8,Car,17.2
1.28,3.0,Walk,27.8
1.17,35.6,Car,4.9
10.41,49.3,Car,16.2
0.28,3.0,Walk,8.6
0.52,4.9,Walk,8.1
3.01,13.1,Bike,18.2
0.1,3.9,Walk,8.4
2.52,15.0,Car,21.4
13.51,39.8,Car,30.1
1.04,12.2,Bike,9.3
3.42,22.9,Car,19.9
5.48,15.0,Car,30.5
7.26,19.6,Car,25.5
5.39,33.1,Car,19.9
4.46,27.4,Car,24.4
4.95,27.6,Car,17.0
0.81,30.9,Car,7.1
1.82,8.0,Bike,14.7
4.8,31.2,Car,11.5
4.68,23.1,Car,16.5
0.96,12.2,Bike,7.8
1.87,8.3,Bike,17.8
3.78,38.9,Car,9.0
0.98,3.0,Walk,24.1
11.39,53.4,Car,13.2
10.25,28.7,Car,24.3
0.46,3.4,Walk,9.9
1.56,41.7,Car,7.2
3.57,31.9,Car,13.5
5.48,40.2,Car,12.7
1.59,22.1,Car,8.0
4.7,22.7,Car,16.5
0.17,4.2,Walk,4.2
0.85,15.0,Car,6.1
7.97,28.7,Car,19.8
2.01,14.4,Bike,13.4
11.14,51.4,Car,13.1
4.19,54.8,Car,5.9
1.76,3.0,Walk,35.3
2.58,16.0,Car,15.4
8.93,15.0,Car,38.9
0.13,3.0,Walk,5.8
0.1,3.0,Walk,5.1
0.57,15.0,Car,4.4
3.49,26.4,Car,7.9
8.65,31.0,Car,33.8
0.3,4.7,Walk,6.3
3.33,31.8,Car,5.7
12.85,32.5,Car,21.1
1.76,25.9,Car,16.8
3.18,40.1,Car,16.2
3.02,38.3,Car,15.4
11.5,37.3,Car,28.6
0.1,4.5,Walk,1.8
3.55,19.8,Car,17.7
5.6,18.6,Car,23.4
1.76,3.0,Walk,31.2
6.55,58.6,Car,14.0
0.71,4.0,Walk,12.7
1.06,3.0,Walk,27.5
0.8,9.7,Bike,7.8
5.55,17.2,Bike,22.6
5.05,23.7,Car,21.5
0.41,3.2,Walk,10.5
2.11,23.5,Car,10.1
3.94,35.0,Car,10.8
2.61,14.9,Bike,12.3
4.98,49.3,Car,9.4
0.6,3.2,Walk,16.6
5.95,22.0,Car,19.6
0.18,3.8,Walk,4.2
0.54,3.0,Walk,12.0
3.52,26.2,Car,18.4
0.27,3.2,Walk,5.8
7.32,51.1,Car,14.2
2.06,29.6,Car,15.6
14.95,19.6,Car,52.2
0.53,3.4,Walk,9.5
0.6,5.5,Walk,9.3
4.95,12.0,Bike,27.1
6.06,36.2,Car,14.0
8.76,17.3,Car,36.2
10.83,73.0,Car,17.5
0.13,4.6,Walk,3.8
1.22,3.0,Walk,30.9
10.16,25.1,Car,27.3
5.79,23.1,Car,21.8
0.34,26.6,Car,5.9
8.0,12.9,Bike,42.8
11.0,41.2,Car,23.6
0.85,3.0,Walk,14.7
4.54,17.1,Car,16.5
2.21,9.0,Bike,15.7
0.74,9.7,Bike,9.2
0.55,5.0,Walk,8.7
0.47,8.0,Bike,4.7
8.39,29.0,Car,32.2
0.64,3.4,Walk,17.2
17.99,57.8,Car,24.0
2.24,25.2,Car,7.8
5.56,52.6,Car,14.5
2.87,3.2,Walk,42.1
0.76,23.2,Car,2.1
0.39,4.4,Walk,7.4
1.69,15.4,Car,7.1
0.92,3.0,Walk,22.7
0.58,4.4,Walk,10.9
0.91,17.8,Car,9.3
1.72,8.0,Bike,18.7
0.64,3.0,Walk,14.5
4.0,25.1,Car,14.5
0.73,3.4,Walk,16.0
0.35,3.0,Walk,9.2
13.74,58.1,Car,16.1
4.9,27.4,Car,26.7
2.91,8.0,Bike,27.0
8.41,32.0,Car,20.4
2.56,11.1,Bike,18.0
7.14,32.2,Car,22.1
3.01,9.5,Bike,25.9
4.34,9.7,Bike,26.2
4.12,15.0,Car,21.5
0.59,4.9,Walk,8.3
2.84,31.9,Car,12.0
0.88,9.5,Bike,10.1
7.0,39.7,Car,12.1
3.93,29.0,Car,13.0
3.49,15.0,Car,29.1
1.02,19.3,Car,6.6
2.85,8.0,Bike,29.5
0.14,3.0,Walk,4.2
3.31,14.1,Bike,19.2
7.17,30.5,Car,20.0
0.21,14.7,Bike,5.0
2.41,56.4,Car,4.3
5.31,34.7,Car,13.5
5.85,21.9,Car,23.7
6.16,15.0,Car,32.1
0.46,8.9,Bike,6.6
0.14,3.0,Walk,6.1
2.63,10.3,Bike,21.6
3.0,15.0,Car,15.0
4.77,43.0,Car,16.7
0.5,3.6,Walk,11.7
1.6,25.0,Car,10.5
1.13,8.0,Bike,10.3
0.43,4.1,Walk,9.8
6.49,45.7,Car,19.2
6.12,39.1,Car,12.7
5.05,37.2,Car,12.4
5.48,23.6,Car,21.8
1.37,3.0,Walk,31.9
0.4,3.2,Walk,10.1
1.08,3.4,Walk,21.3
3.35,15.0,Car,18.4
0.23,3.0,Walk,8.5
1.55,10.7,Bike,11.9
2.45,3.0,Walk,46.5
3.43,28.5,Car,23.4
13.66,43.9,Car,22.4
13.97,30.6,Car,32.9
2.5,9.9,Bike,18.0
8.03,51.1,Car,15.3
10.8,46.9,Car,15.8
10.44,41.7,Car,25.7
0.57,3.0,Walk,11.8
5.69,29.6,Car,16.7
2.64,42.3,Car,8.4
0.86,13.4,Bike,8.1
9.79,15.0,Car,36.4
1.33,3.5,Walk,26.5
4.32,16.5,Car,22.7
0.13,3.0,Walk,6.5
5.16,37.2,Car,13.2
10.07,29.4,Car,26.7
2.91,25.9,Car,14.7
14.74,25.0,Car,34.4
4.9,21.6,Car,18.4
7.7,23.6,Car,25.5
3.89,47.2,Car,9.4
5.8,25.3,Car,15.3
24.69,39.6,Car,38.8
0.67,3.0,Walk,15.0
4.62,18.3,Bike,15.4
1.08,10.6,Bike,6.2
0.58,3.0,Walk,13.0
5.4,13.8,Bike,24.8
0.84,8.0,Bike,14.1
3.64,21.0,Car,16.5
1.87,11.6,Bike,9.7
0.15,3.0,Walk,4.7
0.32,3.0,Walk,10.5
4.49,25.4,Car,13.9
6.06,18.0,Car,31.4
0.1,18.9,Bike,3.2
1.71,3.0,Walk,35.2
3.99,15.4,Bike,21.6
0.81,11.6,Bike,9.3
0.78,27.8,Car,11.2
7.35,52.2,Car,17.3
3.22,39.2,Car,10.2
1.97,11.0,Bike,13.1
3.74,13.0,Bike,20.1
2.22,11.7,Bike,20.2
2.14,3.6,Walk,40.7
3.0,15.1,Car,24.4
16.12,17.1,Car,70.5
4.61,15.0,Car,23.7
2.32,3.4,Walk,43.2
0.25,15.0,Car,6.9
1.22,3.0,Walk,26.6
2.39,20.1,Bike,9.6
0.68,3.5,Walk,14.4
1.25,42.2,Car,8.4
0.1,3.0,Walk,6.1
0.42,3.0,Walk,15.1
0.1,3.0,Walk,4.3
10.54,41.1,Car,18.0
2.29,3.2,Walk,49.3
13.32,28.1,Car,32.9
2.25,19.5,Car,14.5
1.8,12.5,Bike,15.2
1.48,3.5,Walk,26.7
3.18,16.0,Car,14.9
9.02,24.4,Car,29.2
1.16,5.0,Walk,14.5
0.39,3.2,Walk,12.2
1.02,3.0,Walk,23.6
8.0,23.5,Car,28.9
1.29,4.9,Walk,17.6
2.19,3.0,Walk,43.5
7.12,17.0,Car,30.7
5.61,21.3,Car,23.0
0.94,15.4,Bike,9.0
0.1,4.7,Walk,2.5
24.51,40.4,Car,44.4
6.86,15.0,Car,36.6
2.45,43.6,Car,3.6
6.39,13.1,Bike,30.3
0.62,15.0,Car,17.1
10.38,73.0,Car,13.7
2.85,15.0,Car,16.6
1.44,19.9,Car,6.1
0.94,61.7,Car,2.1
0.56,3.0,Walk,13.1
0.71,3.8,Walk,8.2
0.6,3.0,Walk,13.3
7.65,15.2,Car,52.4
3.31,29.6,Car,6.4
0.71,4.2,Walk,11.5
0.62,4.9,Walk,10.1
5.59,15.0,Car,31.4
8.34,33.8,Car,19.6
7.09,28.2,Car,22.1
3.96,39.4,Car,10.3
3.21,10.5,Bike,20.4
2.12,39.7,Car,9.4
0.1,3.1,Walk,4.5
7.44,51.6,Car,18.6
5.58,26.2,Car,24.2
6.7,59.8,Car,10.6
1.3,33.5,Car,13.5
0.4,3.0,Walk,11.9
1.04,21.7,Car,9.6
2.52,31.9,Car,8.1
0.18,4.0,Walk,5.5
0.63,3.0,Walk,18.1
5.04,31.5,Car,19.6
5.98,18.3,Car,24.7
0.63,3.0,Walk,12.1
25.0,15.0,Car,111.1
5.13,31.6,Car,18.5
3.25,11.1,Bike,24.1
1.47,9.3,Bike,11.2
5.61,13.2,Bike,29.7
1.23,3.0,Walk,27.3
1.25,3.0,Walk,25.7
4.31,16.7,Car,19.5
10.06,58.4,Car,21.2
8.1,15.0,Car,32.7
0.15,3.8,Walk,6.0
11.35,15.0,Car,52.0
0.78,8.9,Bike,8.4
2.45,15.0,Car,19.2
0.98,57.4,Car,11.3
0.25,3.8,Walk,3.8
7.29,15.0,Car,37.4
1.29,3.1,Walk,28.8
3.26,46.7,Car,9.6
0.5,3.0,Walk,14.3
7.77,18.0,Car,36.0
0.45,4.7,Walk,8.4
0.47,3.0,Walk,9.5
6.6,15.0,Car,31.5
4.0,18.6,Car,21.2
0.54,12.5,Bike,6.6
1.74,15.0,Car,11.2
7.62,32.4,Car,24.3
3.37,15.0,Car,23.0
4.49,30.3,Car,13.0
9.83,15.0,Car,41.5
10.5,20.7,Car,50.6
2.11,24.5,Car,11.6
2.96,37.6,Car,9.3
0.45,3.0,Walk,12.9
11.19,15.8,Car,51.9
0.36,3.6,Walk,8.3
2.51,46.5,Car,8.7
2.98,24.1,Car,13.5
1.23,38.3,Car,5.6
2.24,20.4,Car,10.8
1.95,23.6,Car,6.6
4.87,32.9,Car,12.6
11.91,15.0,Car,60.0
4.76,15.0,Car,18.2
2.16,12.9,Bike,13.5
4.87,11.1,Bike,33.1
3.35,8.0,Bike,30.3
0.1,3.4,Walk,5.2
0.51,3.0,Walk,9.8
0.35,3.0,Walk,8.4
1.96,29.7,Car,4.3
0.41,3.0,Walk,12.0
4.94,33.4,Car,13.9
5.13,15.0,Car,24.9
0.71,8.0,Bike,9.3
13.15,40.3,Car,29.8
2.17,19.5,Car,16.8
5.0,49.9,Car,14.9
1.62,67.3,Car,5.1
4.08,15.0,Car,19.2
0.23,4.1,Walk,5.0
2.7,15.0,Car,15.9
9.91,25.0,Car,28.7
2.54,15.0,Car,27.4
1.7,46.8,Car,7.9
6.99,18.5,Car,31.3
1.0,59.0,Car,1.1
7.51,13.8,Bike,40.4
0.54,10.3,Bike,5.7
3.6,55.8,Car,12.7
1.42,27.0,Car,6.8
6.47,11.0,Bike,38.8
0.49,4.2,Walk,9.2
5.27,15.5,Car,23.4
12.22,32.2,Car,36.9
1.09,5.2,Walk,14.6
0.58,3.0,Walk,14.2
0.1,3.0,Walk,5.9
1.41,11.0,Bike,12.0
5.88,20.3,Car,24.5
1.02,28.8,Car,8.0
0.11,4.2,Walk,3.4
9.31,15.0,Car,37.9
0.33,5.0,Walk,4.8
8.11,19.6,Car,28.8
14.04,28.9,Car,47.4
0.42,3.0,Walk,11.8
9.55,15.0,Car,51.0
3.55,33.1,Car,10.8
0.44,8.0,Bike,5.9
2.3,20.6,Bike,10.4
4.35,31.6,Car,17.6
6.01,30.1,Car,16.1
8.9,24.9,Car,25.3
1.72,8.0,Bike,16.6
3.24,36.2,Car,11.9
14.98,15.0,Car,59.1
3.94,34.6,Car,15.7
11.95,52.9,Car,15.2
0.73,4.0,Walk,12.0
0.64,5.2,Walk,11.0
4.22,30.8,Car,11.2
5.28,34.2,Car,20.2
4.67,15.3,Car,18.7
9.91,21.4,Car,31.6
10.63,16.9,Car,47.0
3.0,3.0,Walk,55.9
0.75,3.7,Walk,15.3
1.77,8.0,Bike,20.5
0.72,3.0,Walk,14.7
0.34,4.3,Walk,7.1
0.62,3.4,Walk,10.8
1.46,28.1,Car,9.5
6.29,15.0,Car,32.4
4.57,35.1,Car,8.7
1.55,27.0,Car,9.3
4.21,13.3,Bike,22.2
0.77,3.0,Walk,17.1
4.71,22.9,Car,13.7
1.76,3.0,Walk,41.0
3.38,54.7,Car,3.4
6.27,22.4,Car,27.8
1.96,22.6,Car,12.9
6.34,26.0,Car,29.4
0.1,3.8,Walk,4.0
1.03,3.6,Walk,20.3
1.51,8.9,Bike,14.8
0.32,4.1,Walk,6.6
1.36,37.1,Car,6.2
0.59,3.8,Walk,12.2
2.51,26.3,Car,16.0
0.25,18.0,Bike,6.8
0.1,4.5,Walk,3.1
0.1,8.0,Bike,2.0
0.71,18.8,Car,8.2
0.2,9.5,Bike,6.2
0.42,8.3,Bike,9.1
2.72,8.0,Bike,19.5
0.14,4.6,Walk,3.6
7.74,32.5,Car,22.5
1.9,10.6,Bike,13.7
0.26,4.3,Walk,5.2
2.48,15.0,Car,17.3
0.13,8.0,Bike,6.3
11.29,15.8,Car,42.4
6.51,16.2,Car,27.7
0.34,3.5,Walk,7.6
2.93,17.2,Car,13.2
9.99,34.3,Car,23.6
1.22,18.7,Car,6.9
8.74,44.1,Car,18.3
0.37,3.0,Walk,11.4
0.92,24.6,Car,14.9
0.14,3.0,Walk,7.4
1.48,21.0,Car,13.5
9.54,23.8,Car,28.7
5.66,19.6,Car,22.5
6.79,17.5,Car,26.9
0.14,3.0,Walk,5.5
1.12,3.5,Walk,18.6
0.54,10.7,Bike,6.9
4.16,15.0,Car,18.2
0.14,3.7,Walk,4.0
0.82,3.8,Walk,15.4
1.02,3.2,Walk,21.0
1.78,4.3,Walk,25.8
2.06,23.7,Car,9.7
2.35,8.0,Bike,22.8
0.72,8.7,Bike,9.1
0.14,3.0,Walk,3.5
14.28,73.0,Car,28.4
7.74,32.6,Car,20.6
6.2,22.3,Car,26.9
2.68,22.7,Car,12.1
6.98,22.2,Car,24.6
0.22,10.6,Bike,5.6
3.68,32.7,Car,11.4
7.87,15.0,Car,33.1
0.84,3.6,Walk,18.0
7.33,32.3,Car,21.2
2.51,36.6,Car,12.1
7.04,20.1,Car,28.8
4.59,27.3,Car,13.4
1.02,4.8,Walk,15.1
0.95,4.6,Walk,16.9
1.55,9.9,Bike,15.7
0.28,3.0,Walk,7.4
0.12,4.7,Walk,4.2
0.69,15.7,Car,11.5
2.87,44.7,Car,10.7
5.53,17.1,Car,18.1
0.1,4.3,Walk,5.1
1.44,12.5,Bike,9.7
12.65,23.3,Car,41.2
0.2,3.0,Walk,5.8
0.1,6.3,Walk,2.4
5.46,43.9,Car,11.0
0.11,3.0,Walk,5.6
5.44,37.9,Car,12.8
0.1,3.0,Walk,3.9
0.64,3.0,Walk,18.0
1.48,3.8,Walk,23.1
6.24,33.8,Car,13.1
0.96,9.3,Bike,16.5
1.79,12.5,Bike,11.1
4.53,16.1,Car,26.1
14.46,44.1,Car,23.0
7.66,17.4,Car,32.2
1.5,3.0,Walk,35.0
1.88,3.0,Walk,46.6
7.42,31.3,Car,19.5
2.83,33.0,Car,8.2
3.5,15.0,Car,22.2
0.83,3.0,Walk,24.1
0.29,3.0,Walk,6.0
0.1,10.7,Bike,4.8
7.58,30.7,Car,21.3
0.59,20.9,Bike,4.4
12.37,53.7,Car,17.0
0.31,3.0,Walk,10.0
13.68,41.9,Car,17.9
2.98,33.7,Car,7.2
0.73,3.0,Walk,13.5
4.14,8.0,Bike,36.3
20.06,48.7,Car,25.7
2.54,12.3,Bike,16.6
0.66,3.0,Walk,16.4
0.4,3.0,Walk,11.4
4.08,41.2,Car,11.4
0.37,8.0,Bike,4.7
0.2,3.0,Walk,5.0
1.59,8.0,Bike,17.0
0.65,4.4,Walk,14.4
9.66,40.6,Car,25.2
0.58,3.7,Walk,12.2
1.18,8.0,Bike,9.2
3.24,15.0,Car,19.9
1.67,8.0,Bike,17.2
0.16,3.9,Walk,4.9
2.51,8.0,Bike,24.9
7.09,11.4,Bike,44.2
0.11,3.0,Walk,3.1
0.1,3.0,Walk,5.3
6.38,16.3,Bike,26.2
3.42,24.0,Car,12.9
0.95,8.0,Bike,8.7
1.32,18.5,Car,9.8
3.0,4.0,Walk,40.3
6.19,15.0,Car,26.3
2.48,16.0,Bike,13.2
0.5,14.1,Bike,8.5
3.35,9.2,Bike,29.8
0.53,4.3,Walk,8.0
10.87,22.8,Car,37.4
1.09,3.4,Walk,18.3
0.35,9.0,Bike,4.4
2.37,3.0,Walk,53.5
0.42,8.0,Bike,2.9
1.2,9.8,Bike,10.5
5.92,8.0,Bike,42.2
2.03,3.2,Walk,42.1
1.73,75.0,Car,4.5
1.1,4.2,Walk,18.5
0.1,3.3,Walk,4.7
9.25,31.1,Car,22.0
0.78,10.7,Bike,7.2
4.35,30.1,Car,10.0
2.53,13.0,Bike,16.0
1.07,10.7,Bike,10.7
6.01,30.9,Car,14.6
1.38,16.7,Bike,7.9
0.18,10.3,Bike,4.6
5.81,36.9,Car,7.3
0.1,8.0,Bike,2.3
6.2,32.0,Car,17.3
2.71,17.0,Car,16.5
0.61,3.0,Walk,13.1
0.95,8.0,Bike,15.3
0.57,3.4,Walk,11.4
4.37,34.6,Car,7.9
5.57,37.1,Car,15.1
1.86,3.0,Walk,44.0
1.18,8.0,Bike,11.6
0.3,16.6,Bike,6.0
9.25,23.3,Car,31.0
0.14,3.0,Walk,5.7
5.68,26.4,Car,20.5
2.68,9.0,Bike,17.0
2.37,12.8,Bike,14.7
8.02,15.0,Car,42.2
9.41,15.0,Car,35.2
1.76,40.8,Car,11.0
2.52,8.0,Bike,26.1
11.94,27.5,Car,27.6
8.86,52.1,Car,12.8
2.02,15.0,Car,11.4
0.61,3.5,Walk,15.5
9.55,52.2,Car,17.0
6.27,23.1,Car,21.4
12.05,17.8,Car,48.9
13.06,45.9,Car,26.5
0.2,5.3,Walk,3.3
6.92,17.2,Car,30.9
4.57,32.3,Car,15.0
0.1,3.3,Walk,5.1
18.19,38.5,Car,31.1
3.02,15.0,Car,15.5
0.68,3.9,Walk,11.2
3.23,62.0,Car,6.2
1.12,4.2,Walk,18.9
0.22,3.0,Walk,6.8
3.34,15.0,Car,14.9
6.87,28.4,Car,18.6
0.44,16.3,Car,8.8
1.39,4.4,Walk,17.2
0.27,4.4,Walk,5.1
0.1,9.6,Bike,2.8
0.17,3.8,Walk,4.9
3.01,35.8,Car,5.5
3.96,15.3,Car,18.9
13.19,58.0,Car,18.9
2.07,15.0,Car,12.1
4.28,32.7,Car,13.4
0.67,3.3,Walk,13.1
0.18,3.2,Walk,6.8
5.51,15.0,Car,23.2
6.39,17.1,Car,22.5
4.03,23.0,Car,21.3
3.27,20.5,Car,16.7
15.74,25.4,Car,43.2
1.6,3.0,Walk,43.7
0.57,10.1,Bike,6.3
6.48,36.4,Car,15.9
0.29,14.2,Bike,5.0
1.2,4.2,Walk,20.2
0.25,3.9,Walk,6.9
1.36,3.0,Walk,29.0
2.43,26.2,Car,15.6
4.85,10.9,Bike,30.3
3.68,14.0,Bike,18.9
7.82,15.0,Car,38.7
0.75,3.0,Walk,18.5
0.8,3.4,Walk,16.7
8.26,31.7,Car,21.0
1.97,3.7,Walk,41.3
0.4,8.8,Bike,3.0
2.02,8.3,Bike,20.3
9.15,26.5,Car,34.9
0.1,3.2,Walk,4.4
0.13,3.0,Walk,7.0
5.66,34.0,Car,14.5
3.62,13.6,Bike,19.8
10.03,30.3,Car,29.3
0.59,8.0,Bike,8.0
2.27,36.5,Car,4.8
2.96,4.3,Walk,43.7
2.02,15.4,Car,20.7
1.46,13.0,Bike,9.3
0.84,5.6,Walk,8.1
1.88,24.3,Car,14.1
0.67,3.3,Walk,12.1
11.46,44.7,Car,19.5
0.78,10.3,Bike,7.9
5.78,33.8,Car,13.2
4.16,35.2,Car,14.5
6.91,26.5,Car,23.6
0.13,3.5,Walk,6.7
0.57,3.0,Walk,11.3
0.96,3.0,Walk,20.6
5.93,17.6,Car,21.8
1.29,10.6,Bike,16.0
5.92,34.2,Car,12.4
6.07,38.8,Car,14.8
16.7,18.0,Car,66.4
12.85,46.7,Car,32.3
0.1,5.3,Walk,3.0
1.79,17.6,Bike,8.4
3.04,40.1,Car,17.9
1.82,15.4,Car,12.7
0.12,3.8,Walk,3.2
1.07,3.8,Walk,18.8
0.9,18.5,Car,12.5
0.26,4.1,Walk,5.0
0.55,3.0,Walk,11.5
4.67,30.2,Car,19.7
0.1,3.0,Walk,5.2
14.73,39.9,Car,24.7
13.5,20.0,Car,45.3
4.81,15.0,Car,21.0
5.62,19.2,Car,17.8
3.31,18.2,Bike,14.4
0.7,3.0,Walk,17.0
2.63,15.0,Car,18.8
2.71,15.0,Car,21.1
0.96,3.5,Walk,19.4
20.58,63.8,Car,29.0
0.91,4.4,Walk,14.7
6.07,17.7,Car,39.7
4.09,10.4,Bike,31.0
2.11,8.0,Bike,16.9
10.29,31.0,Car,20.9
1.48,28.6,Car,4.1
2.39,27.7,Car,9.9
1.02,3.0,Walk,22.7
15.98,24.7,Car,46.9
0.72,8.0,Bike,7.1
15.36,46.8,Car,24.7
4.0,15.0,Car,27.2
0.47,12.1,Bike,6.8
6.51,20.7,Car,22.4
0.31,8.7,Bike,4.4
3.17,19.2,Car,17.8
1.01,8.0,Bike,11.0
1.63,10.9,Bike,9.2
8.56,39.8,Car,16.8
10.95,15.7,Car,46.3
0.1,3.5,Walk,3.2
4.47,57.3,Car,10.8
0.64,8.0,Bike,8.9
0.93,3.0,Walk,20.4
8.6,20.6,Car,34.5
0.13,3.0,Walk,5.5
2.16,15.0,Car,12.5
7.82,29.4,Car,24.3
12.73,33.0,Car,40.4
